Number	qtype	Al	Ti	Li	Ge	Sr
179	pegmatite	537.2	2.3	117.5	8.3	0.06
181	pegmatite	372	1.3	74.7	8	0.02
184	pegmatite	97.3	14	23.1	2	0.06
189	pegmatite	162.4	15.9	30.5	1.7	0.02
190	pegmatite	137.7	17.7	26.4	1.6	0.02
191	pegmatite	132.4	14.3	28.5	1.7	0.06
195	pegmatite	189	14.4	37.6	1.8	0.04
197	pegmatite	137.7	15.9	30.2	2.2	0.09
198	pegmatite	116.4	11	30.6	2.1	0.08
199	pegmatite	104.5	10.6	29.9	2.5	0.04
200	pegmatite	152.6	9.7	23.9	2.7	0.05
206	pegmatite	395.5	2.2	124.8	11.3	0.06
207	pegmatite	543.5	2.4	264.8	11.4	0.06
208	pegmatite	565.1	2.5	143.4	8.1	0.04
210	pegmatite	91.7	12.7	15.7	2.4	0.04
212	pegmatite	145.3	15	19.2	3.2	0.05
213	pegmatite	188.9	19.2	16.8	4.7	0.12
214	pegmatite	241.4	17.6	14	6	0.03
215	pegmatite	206.5	13.2	17.3	5.7	0.24
216	pegmatite	52.2	7.6	11.1	1.1	0.04
219	pegmatite	8.3	14.5	6.4	2.3	0.07
220	pegmatite	40.2	24.1	8.1	3.2	0.11
221	pegmatite	32.7	17.2	6.8	2.6	0.02
222	pegmatite	123.2	14.4	37.3	2.2	0.09
223	pegmatite	136.2	15.1	39.1	2.5	0.09
224	pegmatite	154.1	16.4	37.3	2.3	0.1
228	pegmatite	111.5	13.9	31.8	2.4	0.07
229	pegmatite	118.7	17.9	34.2	2.7	0.04
230	pegmatite	134.2	17.6	32.1	2.9	0.02
231	pegmatite	127	7.2	31.2	2.7	0.03
232	pegmatite	135.4	10	35.2	2.4	0.03
233	pegmatite	106.8	6.7	33.9	1.7	0.02
238	pegmatite	311.2	14.2	47	2.4	0.04
247	pegmatite	254.7	10.9	90.1	2.7	0.07
249	granite	232	7.1	4.6	1.08	0.19
250	granite	236	9	14.3	1.12	0.1
251	granite	132	8.6	14.1	2.91	0.06
252	granite	333	9.4	11	1.65	0.16
253	granite	212	6.7	9	1.84	0.17
254	granite	284	5.9	17	1.26	0.2
255	granite	313	5.8	19.2	1.6	0.2
256	granite	295	9.1	14.8	1.35	0.07
257	granite	299	5.2	23.5	1.53	0.08
258	granite	243	8.5	18.3	1.48	0.09
259	granite	258	5.7	26	1.65	0.08
262	granite	220	7.4	42.2	2.07	0.06
263	granite	211	4.8	65.1	2.71	0.07
265	granite	324	7.3	44.8	2.5	0.1
273	granite	205	10.1	16.5	1.45	0.07
278	granite	107	18.2	4.5	1.46	0.11
279	granite	127	15.9	12.8	1.01	0.16
280	granite	235	16.7	18.7	1.21	0.07
285	granite	132	19.4	26.8	0.95	0.06
287	granite	197	20.5	9.2	1.1	0.08
288	granite	310	34.1	14.9	0.72	0.07
289	granite	141	23.2	9.8	0.85	0.06
290	granite	117	27.7	15.5	1.01	0.07
291	granite	109	29.2	19	1	0.07
292	granite	149	20.8	12.2	1.19	0.09
294	greisen	35	0.41	0.88	0.87	0.06
296	greisen	32	0.44	6.01	0.9	0.08
297	greisen	35	0.22	4.77	1.13	0.06
298	greisen	40	0.22	5.94	1.09	0.07
299	greisen	75	0.46	10.8	1.17	0.08
300	greisen	79	0.44	11.8	1.24	0.07
301	greisen	43	0.42	11.9	1.18	0.07
302	greisen	90	0.41	9.53	1.16	0.07
303	greisen	82	0.51	6.69	1.11	0.06
304	greisen	52	0.14	5.51	1.13	0.07
305	greisen	35	0.1	1.49	1.05	0.08
306	greisen	5.6	0.31	0.36	0.94	0.06
308	greisen	38	0.23	4.85	0.81	0.05
309	greisen	46	0.39	4.75	0.92	0.05
310	greisen	111	0.46	3.18	0.96	0.07
311	greisen	70	0.56	6.57	1.28	0.06
312	greisen	119	0.22	3.89	1.02	0.05
315	greisen	108	0.37	3.37	1.26	0.05
316	greisen	78	0.84	3.41	1.13	0.05
317	greisen	24	0.3	2.01	0.96	0.08
318	greisen	36	0.34	3.59	0.84	0.05
319	greisen	44	0.44	4.2	0.79	0.05
320	greisen	42	0.24	4.5	0.87	0.06
321	greisen	37	0.46	1.46	0.88	0.05
322	greisen	49	0.48	0.52	0.76	0.06
323	greisen	24	0.3	0.19	0.71	0.05
324	greisen	26	0.42	0.23	0.7	0.04
325	greisen	25	0.28	0.53	0.78	0.04
326	greisen	28	0.31	5.74	0.83	0.05
327	greisen	37	0.18	5.6	0.82	0.05
328	greisen	38	0.18	5.75	0.81	0.05
329	greisen	42	0.28	7.58	0.84	0.04
330	greisen	85	0.52	8.84	0.86	0.05
331	greisen	69	0.47	9.22	0.92	0.06
332	greisen	68	0.5	8.98	0.96	0.06
333	greisen	68	0.51	6.92	0.94	0.05
334	greisen	21	0.45	3.33	0.96	0.05
336	greisen	60	0.53	1.61	1.03	0.05
340	greisen	57	4.53	7.78	1.2	0.13
341	greisen	102	0.33	12.4	0.88	0.05
342	greisen	105	16	6.94	1.45	0.07
343	greisen	108	12.8	5.53	1.73	0.08
344	greisen	105	0.34	0.41	1.03	0.29
345	greisen	98	0.35	1.27	1.01	0.1
346	greisen	115	16.6	7.82	1.77	0.08
347	greisen	91	12.2	8.98	1.47	0.09
348	greisen	21	0.39	1.94	0.86	0.06
349	greisen	89	0.34	5.56	1.08	0.09
350	greisen	43	2.65	0.5	1.06	0.14
351	greisen	11	0.3	2.91	1.12	0.12
352	greisen	43	4.37	1.9	1.61	0.11
353	greisen	55	0.37	0.31	1.1	0.16
354	greisen	57	0.36	1.02	0.96	0.09
355	greisen	101	14.1	5.2	1.76	0.09
356	greisen	105	15.2	4.3	1.54	0.1
357	greisen	110	12.3	4.51	1.54	0.09
359	greisen	86	14	4.53	1.48	0.08
361	greisen	26	0.17	1.12	0.9	0.09
362	greisen	45	0.23	5.66	0.97	0.09
363	greisen	14	0.2	0.27	0.96	0.09
366	greisen	11	0.24	0.25	1.02	0.1
367	greisen	10	0.21	1.31	1.13	0.09
368	greisen	51	16.6	2.03	1.82	0.11
369	greisen	53	11.8	1.64	1.59	0.08
370	greisen	93	16.8	2.93	1.65	0.1
371	greisen	48	0.37	1.35	0.89	0.23
372	greisen	53	0.36	1.8	0.98	0.09
373	greisen	45	9.8	0.94	1.55	0.11
374	greisen	55	7.84	1.22	1.5	0.09
375	greisen	33	8.54	1.18	1.56	0.08
376	greisen	33	7.71	0.69	1.46	0.11
377	greisen	39	8.02	1.37	1.44	0.12
378	greisen	18	0.38	1.58	1.07	0.09
379	greisen	54	0.23	2.48	0.85	0.21
380	greisen	45	0.23	1.88	0.92	0.11
381	greisen	40	8.58	3.92	1.51	0.08
382	greisen	41	0.29	3.85	1.08	0.09
383	greisen	36	0.32	0.46	1.03	0.1
384	greisen	17	0.3	1.78	1.39	0.24
386	greisen	15	0.3	3.48	1.27	0.12
388	greisen	63	1.5	3.38	1.44	0.14
389	greisen	64	0.3	1.82	1.41	0.17
390	greisen	34	1.37	5.53	2.23	0.52
391	greisen	46	0.68	3.52	1.55	0.33
392	greisen	82	0.3	2.86	1.23	0.27
393	greisen	21	0.53	1.45	1.22	0.14
394	greisen	111	0.3	16.4	1.75	0.11
395	greisen	161	0.3	11.7	1.72	0.11
396	greisen	74	0.3	0.41	1.05	0.13
397	greisen	58	1.38	1.27	0.92	0.27
398	greisen	20	0.3	1.5	1.04	0.1
400	greisen	45	0.3	0.35	1.24	0.15
402	greisen	91	10.9	8.8	1.83	0.12
403	greisen	60	8.27	11.8	1.67	0.08
404	greisen	89	8.97	3.1	1.29	0.22
405	greisen	100	10.5	5.7	1.99	0.43
406	greisen	96	11.2	3.5	1.75	0.52
407	greisen	77	10.3	6.3	1.72	0.2
410	greisen	32	1.14	5.3	1.77	0.26
411	greisen	42	1.61	8.9	1.67	0.11
412	greisen	63	2.93	6.2	1.72	0.15
413	greisen	90	1.31	10.7	1.46	0.11
414	greisen	96	1.39	3.7	2.27	2.5
415	greisen	45	0.78	2.6	1.39	1.3
416	greisen	17	0.53	3.2	1.45	0.83
417	greisen	79	10	16.6	1.83	0.14
419	greisen	49	0.56	6	0.86	0.12
420	greisen	67	1.07	9.89	0.45	0.11
421	greisen	65	1.65	1.99	1	0.08
422	greisen	52	0.44	0.59	1	0.06
423	greisen	41	1.31	0.37	1.25	0.04
424	greisen	45	1	1.53	1.33	0.07
425	greisen	53	0.75	0.48	1.13	0.11
427	greisen	34	1.28	2.39	1.47	0.07
428	greisen	30	1.21	1.16	1.29	0.06
429	greisen	19	0.68	0.6	1.02	0.06
430	greisen	53	0.33	0.98	0.88	0.06
431	greisen	43	0.6	0.91	0.91	0.1
432	greisen	43	0.89	0.94	0.93	0.09
434	greisen	8.9	0.27	1.86	0.33	0.06
435	greisen	45	0.77	1.96	0.33	0.06
436	greisen	33	0.52	2.21	0.81	0.06
437	greisen	54	0.77	3.31	1.01	0.05
438	greisen	49	0.67	0.62	0.84	0.06
439	greisen	38	0.83	2.64	1	0.08
440	greisen	104	1.33	3.04	1.09	0.04
441	greisen	90	1.04	2.04	1.15	0.06
443	greisen	30	0.38	1.93	0.7	0.27
444	greisen	33	1.18	0.58	1.45	0.09
445	greisen	40	1.71	2.01	1.81	0.06
446	greisen	32	2.82	1.99	1.78	0.06
447	greisen	114	9.4	7.26	2.19	0.05
448	greisen	121	0.86	22.2	1.87	0.05
449	greisen	61	1.85	16.7	1.66	0.06
450	greisen	76	2.26	12.9	1.95	0.05
451	greisen	79	1.91	12.8	2.11	0.06
452	greisen	71	1.96	9.98	1.99	0.05
453	greisen	121	10.6	15.8	2.09	0.05
454	greisen	91	14.7	8.32	2.35	0.06
455	greisen	64	1.29	2.78	1.53	0.05
456	greisen	41	1	0.64	1.36	0.13
457	greisen	39	0.46	1.17	1.33	0.15
462	greisen	36	0.29	0.55	0.76	0.08
463	greisen	105	9.91	2.48	1.9	0.07
464	greisen	118	11.9	3.01	2.66	0.07
465	greisen	118	12.4	2.67	2.4	0.07
466	greisen	98	10.7	3.41	2.16	0.1
467	greisen	32	0.94	1.58	1.73	0.06
468	greisen	27	0.8	0.13	1.5	0.06
469	greisen	36	1.23	0.71	1.62	0.05
470	greisen	33	0.81	4.16	1.34	0.04
471	greisen	41	1.08	2.26	1.48	0.04
472	greisen	38	0.99	0.88	1.6	0.04
474	greisen	78	0.23	0.4	1.22	0.08
475	greisen	80	0.28	1.5	1.2	0.04
476	greisen	503	0.3	48.1	0.78	0.07
478	greisen	637	0.41	86.3	0.84	0.09
479	greisen	9.5	1.26	0.35	0.87	0.12
480	greisen	87	2.04	10.3	1.2	0.11
481	greisen	106	1.83	17.9	1.05	0.1
482	greisen	93	0.89	8.52	0.98	0.1
483	greisen	131	2.61	0.97	1.36	0.2
485	greisen	52	1.66	0.27	1.02	0.1
487	greisen	75	2.64	2.92	1	0.1
488	greisen	71	2.47	1.18	0.85	0.09
489	greisen	69	1.62	1.09	1.1	0.1
490	greisen	86	1.58	4.12	1.36	0.14
491	greisen	65	2.69	1.63	1.2	0.11
492	greisen	54	1.5	2.61	0.72	0.1
493	greisen	85	2.54	0.93	1.2	0.14
494	greisen	63	1.85	0.03	1.17	0.11
495	greisen	57	1.35	0.18	0.5	0.14
496	greisen	56	3.48	3.09	0.58	0.06
498	greisen	67	3.17	2.94	0.81	0.06
500	greisen	106	2.47	2.28	0.74	0.06
502	greisen	92	2.43	0.9	0.8	0.06
503	greisen	75	1.43	1.66	1.08	0.06
504	greisen	88	1.37	1.03	0.97	0.08
524	granite	232	7.1	4.6	1.08	0.19
525	granite	236	9	14.3	1.12	0.1
526	granite	132	8.6	14.1	2.91	0.06
527	granite	333	9.4	11	1.65	0.16
528	granite	212	6.7	9	1.84	0.17
529	granite	284	5.9	17	1.26	0.2
530	granite	313	5.8	19.2	1.6	0.2
531	granite	295	9.1	14.8	1.35	0.07
532	granite	299	5.2	23.5	1.53	0.08
533	granite	243	8.5	18.3	1.48	0.09
534	granite	258	5.7	26	1.65	0.08
538	granite	276	6	8.23	1.95	0.12
542	granite	269	9.4	37	1.69	0.16
553	granite	87	10.8	9.89	1.6	0.06
554	granite	99	6.47	5.6	1.86	0.05
556	granite	300	9.31	29.3	2.02	0.08
557	granite	264	10.5	42.5	1.77	0.05
558	granite	217	11.3	37	1.61	0.06
559	granite	224	11.7	41.4	1.53	0.05
560	granite	207	13.6	39.5	1.47	0.09
561	granite	239	12.4	24.7	1.51	0.05
562	granite	323	9.79	41	1.82	0.08
563	granite	258	9.97	36.3	1.66	0.05
564	granite	304	7.07	40	1.82	0.06
565	granite	259	8.52	20.1	2.01	0.04
566	granite	96	7.55	24.9	2.19	0.13
567	granite	245	8.7	23.1	1.89	0.15
568	granite	280	6.89	27.2	1.78	0.06
569	granite	418	10.9	28.8	1.65	0.06
570	granite	383	9.88	32.3	1.74	0.05
571	granite	245	9.12	31.2	1.98	0.09
572	granite	422	17	15	2.15	0.08
573	granite	120	10.2	13.2	1.92	0.06
575	granite	177	26.5	30.6	1.24	0.05
576	granite	188	23.8	37.3	1.4	0.05
577	granite	214	16	30.5	1.34	0.06
578	granite	286	9.56	20.2	1.52	0.06
579	granite	319	12.1	8.95	1.72	0.1
580	granite	137	6.13	12.6	2.15	0.05
581	granite	216	8.73	12.4	2.16	0.04
582	granite	212	9.98	31.9	1.43	0.05
583	granite	259	8.25	36.5	1.62	0.04
584	granite	245	7.09	37.2	1.7	0.04
585	granite	262	7.87	35.4	1.59	0.05
586	granite	239	10.6	28.2	1.51	0.04
587	granite	80	7.35	24.8	1.63	0.04
588	granite	235	8.7	18.3	1.63	0.1
589	granite	264	8.62	29.7	1.65	0.05
590	granite	243	6.9	20.2	1.74	0.04
592	granite	311	7.12	18	1.94	0.04
595	granite	220	7.4	42.2	2.07	0.06
596	granite	211	4.8	65.1	2.71	0.07
598	granite	324	7.3	44.8	2.5	0.1
601	granite	241	9	18.9	1.96	0.09
603	granite	348	9.3	16.5	1.89	0.14
605	granite	154	5.2	15.5	1.84	0.17
606	granite	265	7.4	14.3	2.02	0.07
607	granite	288	6.7	15.5	1.96	0.07
608	granite	250	6.6	17.1	1.65	0.08
609	granite	185	6.8	16.3	1.53	0.06
610	granite	161	7.1	16.9	1.51	0.08
611	granite	195	7.7	15.5	1.57	0.09
612	granite	199	8.4	18.3	1.61	0.07
613	granite	199	8.8	24.1	1.65	0.07
614	granite	256	8.7	28.5	1.77	0.08
615	granite	322	7.9	24.5	1.8	0.07
616	granite	370	6.8	25.1	2.09	0.08
617	granite	182	6.1	17.4	2.18	0.07
618	granite	342	9.3	15.8	1.98	0.08
619	granite	214	8.4	14.5	2.02	0.08
620	granite	184	7.7	20.8	1.99	0.08
621	granite	200	8.2	26.5	1.97	0.07
622	granite	182	5.6	28.7	1.87	0.07
623	granite	228	7.1	29.9	1.9	0.06
624	granite	198	7.5	24.2	1.82	0.06
625	granite	269	8.3	19.6	1.93	0.06
626	granite	228	6.6	25.8	2.06	0.06
627	granite	236	6.6	22.7	1.89	0.07
628	granite	194	6.4	20.3	1.75	0.07
629	granite	187	6.3	23.8	1.6	0.08
630	granite	258	6.7	10.9	1.76	0.09
632	granite	203	7.2	21.5	1.76	0.08
634	granite	213	8	26.5	1.91	0.12
635	granite	211	7.3	23.2	1.88	0.07
636	granite	260	6.3	19.4	1.84	0.11
637	granite	199	7.7	16.3	1.92	0.07
644	granite	205	10.1	16.5	1.45	0.07
695	granite	175	11.5	18.1	1.52	0.12
714	granite	124	24	23	0.92	0.47
718	granite	114	49	15	0.86	0.1
719	granite	332	4.01	54	1.04	2.1
720	granite	66	11.7	20	1	0.56
721	granite	150	19.4	37	1.86	0.3
722	granite	91	15	27	1.77	0.16
723	granite	87	17.8	24	1.3	0.08
724	granite	110	7.61	25	1.96	0.06
725	granite	233	17.2	38	1.45	0.03
726	granite	234	17.4	38	1.42	0.07
727	granite	205	16.9	26	1.37	0.06
728	granite	202	15.9	27	1.17	0.08
747	granite	198	60	20.9	0.9	0.209
748	granite	158	74	19.3	0.72	0.14
749	granite	156	46	16	0.84	0.155
750	granite	143	49	22.1	0.77	0.052
753	granite	149	52	23.4	0.8	0.123
756	granite	136	73	23.5	0.68	0.07
757	granite	138	73	26.9	0.66	0.121
781	granite	107	18.2	4.5	1.46	0.11
782	granite	127	15.9	12.8	1.01	0.16
783	granite	235	16.7	18.7	1.21	0.07
788	granite	132	19.4	26.8	0.95	0.06
790	granite	197	20.5	9.2	1.1	0.08
791	granite	310	34.1	14.9	0.72	0.07
792	granite	141	23.2	9.8	0.85	0.06
793	granite	117	27.7	15.5	1.01	0.07
794	granite	109	29.2	19	1	0.07
795	granite	149	20.8	12.2	1.19	0.09
804	granite	226	7.82	5.53	2.42	0.05
810	granite	69	12.5	14.9	0.71	0.09
819	granite	76	17.5	8.71	0.83	0.07
824	granite	117	18.3	11.1	0.74	0.04
834	granite	130	24.3	12.1	0.85	0.04
842	granite	106	30.9	12.8	0.62	0.03
851	granite	114	42	16.5	0.66	0.06
853	granite	121	45.9	11.5	0.59	0.04
856	granite	136	48.4	14	0.61	0.03
859	granite	119	57.9	17.6	0.62	0.03
862	granite	139	67.1	17.1	0.53	0.07
871	granite	131	88.8	23.1	0.55	0.03
873	granite	117	94.4	14.5	0.54	0.06
875	granite	166	109	19.6	0.51	0.05
908	pegmatite	231	1.97	0.38	3.26	0.03
1296	orogenic	1157.7	3.5	24.7	4.53	6.69
1297	orogenic	728.2	2.3	10.3	4.28	6.85
1298	orogenic	408.2	1	9.6	1.95	8.69
1299	orogenic	961.9	3.1	10.7	3.33	3.81
1300	orogenic	895.9	2.3	2.9	4.17	8.14
1301	orogenic	504	1.4	2.4	2.28	4.23
1302	orogenic	735.2	3.1	8.8	3.27	7.18
1303	orogenic	269.2	0.7	2.8	1.83	3.69
1304	orogenic	135.1	0.7	4.5	1.93	0.26
1305	orogenic	631.1	1.9	30.9	2.1	0.36
1306	orogenic	836.9	2	43.8	5.41	0.04
1307	orogenic	192.8	0.9	8.9	3.38	0.09
1308	orogenic	333.9	0.6	17.6	1.73	0.03
1309	orogenic	92.3	0.5	4.1	2.58	0.02
1310	orogenic	102.5	0.5	3.6	2.43	0.04
1311	orogenic	103.4	0.6	3.5	2.31	0.07
1312	orogenic	475.7	2	22.7	5.71	0.16
1313	orogenic	106.6	0.8	4.3	2.01	0.14
1314	orogenic	806	3.7	40.9	4.84	0.08
1315	orogenic	106.8	0.2	5.3	1.54	0.03
1316	orogenic	131	0.2	8.9	2.5	0.36
1317	orogenic	130.4	0.5	9	3.76	0.1
1319	orogenic	56.4	0.5	3.4	1.7	0.08
1320	orogenic	20	0.1	0.8	0.37	0.02
1321	orogenic	119.4	0.7	8.4	2.54	0.02
1322	orogenic	299	1.4	18.2	3.37	0.12
1323	orogenic	27	0.4	1.1	1.42	0.21
1324	orogenic	116.9	0.2	8.8	0.86	0.02
1326	orogenic	510.8	0.9	30	3.31	0.03
1327	orogenic	81.7	0.3	3	1.26	0.08
1328	orogenic	387.7	1.5	15.6	2.2	0.38
1329	orogenic	365.8	1.1	13.8	4.07	0.21
1330	orogenic	224.9	0.6	12.6	3.06	0.02
1331	orogenic	42.7	0.4	1.8	1.74	0.02
1332	orogenic	115.8	0.4	4.6	1.55	0.15
1333	orogenic	662.9	1.2	40.7	5.47	0.37
1334	orogenic	738.7	1.8	50.9	4.77	0.52
1335	orogenic	646	1.5	42.8	4.11	0.12
1336	orogenic	680.8	1.4	35.3	4.48	0.62
1340	orogenic	11.2	0.1	0.1	1.34	0.02
1341	orogenic	1223.8	3.5	71.2	5.9	0.05
1343	orogenic	33.4	0.2	1.2	1.12	0.12
1346	orogenic	446.9	1.5	27.5	3.47	0.14
1348	orogenic	663.9	1.7	39.5	4.38	0.06
1349	orogenic	1029	2.8	65.6	5.54	0.05
1350	orogenic	802.8	1.8	45.6	3.9	0.2
1352	orogenic	588.6	0.9	34.3	6.34	0.11
1354	orogenic	35.3	0.1	0.9	1.6	0.08
1355	orogenic	1904.6	0.6	67.6	1.3	0.14
1356	orogenic	1912.1	0.8	63.7	1.24	0.03
1357	orogenic	1393	0.5	55.5	2.02	0.02
1358	orogenic	1979.1	1.3	65.5	1.1	0.06
1359	orogenic	1990.3	0.9	67.3	1.59	0.04
1360	orogenic	1978.9	0.8	68	1.45	0.33
1361	orogenic	2389.8	1.2	105.9	3.32	0.1
1362	orogenic	283	1.23	3.234	12.239	1.481
1363	orogenic	92.02	0.229	0.746	6.622	0.267
1364	orogenic	86.867	0.192	2.074	7.19	0.063
1365	orogenic	81.7	0.139	0.879	8.92	0.123
1366	orogenic	3027	1.185	3.809	10.554	9.573
1367	orogenic	3054	2.479	10.016	14.717	8.316
1368	orogenic	3315	3.563	11.957	15.661	3.811
1369	orogenic	2132	0.615	22.469	17.025	2.348
1370	orogenic	2279	0.656	23.275	21.605	1.351
1371	orogenic	2470	1.097	24.025	35.855	1.041
1372	orogenic	3380	0.88	10.779	10.436	16.19
1373	orogenic	3209	1.063	1.106	9.466	8.135
1374	orogenic	2524	1.051	8.368	11.243	5.283
1375	orogenic	2974	0.68	8.061	12.149	33.619
1376	orogenic	3237	0.673	3.323	10.753	16.508
1377	orogenic	126	0.123	0.129	6.388	2.091
1378	orogenic	418	0.228	6.674	8.425	3.006
1379	orogenic	98.706	0.328	0.252	5.204	0.952
1380	orogenic	65.994	2.948	0.227	4.962	1.401
1381	orogenic	132	0.241	0.748	5.594	2.817
1382	orogenic	96.347	0.476	0.235	8.189	0.547
1383	orogenic	54.629	0.441	0.066	5.163	1.138
1384	orogenic	24.52	0.124	0.054	6.098	1.057
1385	orogenic	55.573	0.209	0.097	6.499	0.712
1386	orogenic	18.392	0.173	0.04	5.823	0.44
1387	orogenic	88.626	0.178	0.416	8.484	0.461
1388	orogenic	67.673	0.266	0.148	6.319	0.142
1389	orogenic	126	0.674	2.761	10.978	0.196
1390	orogenic	195	0.277	3.391	8.839	0.884
1391	orogenic	33.649	0.128	0.243	5.195	0.737
1392	orogenic	2005	0.87	28.467	13.783	4.01
1393	orogenic	3291	2.394	7.321	10.925	13.011
1394	orogenic	126	0.83	4.432	3.244	3.696
1395	orogenic	2486	4.74	2.744	9.658	12.465
1396	orogenic	1793	2.232	17.984	9.14	6.787
1397	orogenic	186	0.567	2.984	10.358	0.402
1398	orogenic	68.289	0.369	0.047	5.32	1.126
1399	orogenic	75.985	0.188	0.047	5.592	1.24
1400	orogenic	112	0.784	0.039	5.507	2.807
1401	orogenic	81.108	0.76	0.038	5.818	2.042
1402	orogenic	120	0.831	0.043	4.462	1.262
1403	orogenic	66.378	0.923	0.085	5.455	2.061
1404	orogenic	122	0.706	0.105	6.683	2.138
1405	orogenic	111	0.536	0.248	6.03	5.815
1406	orogenic	19.597	0.096	0.042	5.535	1.622
1407	orogenic	21.038	0.102	0.037	5.935	0.643
1408	orogenic	70.568	0.107	0.069	7.11	0.874
1409	orogenic	93.473	0.425	0.486	6.304	1.858
1410	orogenic	68.719	0.238	0.165	8.673	0.709
1411	orogenic	87.797	2.738	0.118	7.823	2.544
1412	orogenic	147	6.421	0.057	5.799	1.873
1413	orogenic	37.187	8.94	0.059	5.467	0.964
1414	orogenic	106	0.318	3.236	12.276	0.468
1415	orogenic	37.177	0.249	0.073	6.568	0.518
1416	orogenic	143	0.401	1.483	10.342	0.476
1417	orogenic	76.288	0.294	0.413	7.98	0.456
1418	orogenic	74.214	3.668	0.751	8.249	0.262
1419	orogenic	92.01	0.264	2.57	8.675	0.195
1420	orogenic	93.858	0.309	1.786	8.24	0.075
1421	orogenic	77.882	3.353	0.471	7.436	0.568
1422	orogenic	28.028	0.222	0.05	5.442	0.272
1423	orogenic	2316	0.78	3.5	10.792	6.445
1424	orogenic	2841	0.747	2.899	9.901	14.134
1425	orogenic	30.357	0.094	0.234	6.225	0.659
1709	carlin	322.1089721	0.394444107	8.30750407	5.552371512	0.870213812
1710	carlin	204.4415904	0.090744691	2.177957945	4.813755698	0.598122566
1712	carlin	45.78559604	0.087307348	0.122787752	2.633690909	0.326448937
1713	carlin	41.23400125	0.083934658	0.045223644	2.53291765	0.407654932
1714	carlin	73.37268947	0.077929081	0.294770702	2.62727988	0.602103124
1715	carlin	321.5523	0.107803023	3.049972837	3.223666699	0.41140808
1717	carlin	108.2691926	0.101407844	0.763344852	2.839127629	0.324224392
1718	carlin	50.06729011	0.028216189	0.045432562	3.063827538	0.192545211
1719	carlin	380.0112858	0.213604829	4.725566034	6.189211091	1.558590376
1720	carlin	120.683857	0.099192405	1.606155715	4.376958838	0.58811838
1722	carlin	277.4650473	0.043932913	6.577112127	4.250834773	0.961189189
1723	carlin	323.8864807	0.039695563	8.277873505	3.838585077	1.265478596
1724	carlin	408.528457	0.044449212	10.35662236	5.218853248	1.769629747
1725	carlin	228.5643543	0.027741876	5.411315007	4.288770152	0.639601621
1726	carlin	561.4835996	0.161893393	12.11345822	3.671462555	1.627861312
1727	carlin	547.3271819	0.034633537	12.14058282	3.754898304	1.443614182
1728	carlin	347.9557302	0.19499974	5.697554431	2.78318133	0.825525424
1729	carlin	360.6538421	0.148589796	5.621859873	1.698338644	1.923970948
1730	carlin	145.5519101	0.112596162	0.930719254	1.95333032	0.349757741
1731	carlin	95.41529013	0.069536025	0.12480223	1.567143291	0.196303689
1732	carlin	124.3975848	0.087945114	0.586354484	2.270169922	0.800805333
1733	carlin	283.9086002	0.095825307	7.676089887	2.929689748	0.426720928
1734	carlin	203.2395807	0.011014604	1.070485199	1.100893821	0.194682445
1735	carlin	292.7975785	0.067154021	6.068608347	2.492910969	0.891397821
1736	carlin	83.70175376	0.092373553	0.168101772	2.193276493	0.03655693
1737	carlin	52.86121465	0.077335067	0.559271145	1.042526643	0.074660988
1739	carlin	94.43165198	0.037273306	1.448113342	2.973592401	0.045055565
1740	carlin	136.1505294	0.11771436	0.538926485	3.866538384	0.053614219
1741	carlin	102.6472602	0.096369007	1.136382804	2.902850502	0.126390967
1743	carlin	1012.419179	0.75443293	25.0885812	11.97996956	2.065867703
1744	carlin	561.6532179	0.281004582	13.41339331	9.952030042	1.442413933
1745	carlin	1422.593136	0.257253741	36.32818273	7.945750719	1.729530327
1746	carlin	1341.128961	0.5746393	28.85322726	10.93492681	5.176598109
1747	carlin	1952.581436	0.253179531	83.98060044	7.642332545	1.787122774
1748	carlin	1382.753263	0.145084284	51.91875219	7.173824371	2.03035372
1749	carlin	1391.593994	0.251590255	52.54870294	6.65868083	3.616366149
1750	carlin	885.4205893	0.413906741	26.09271587	5.320110749	1.189495497
1751	carlin	845.8235109	0.227103339	28.66472509	6.06827458	2.630381702
1752	carlin	950.3481644	0.206540185	25.35372255	5.932361365	3.497583459
1753	carlin	845.1911149	0.123057185	18.32683253	6.123802714	2.968255421
1754	carlin	2017.770374	0.012815849	93.52699648	3.716740315	2.275762159
1755	carlin	385.1411739	0.24225548	12.58405324	4.904648143	0.079754857
1756	carlin	576.9100891	0.281551888	15.14412909	5.50961503	0.244603353
1757	carlin	594.6646161	0.501335121	16.18925197	7.47514906	0.249371084
1758	carlin	741.4402068	0.277078862	41.2168268	4.1684802	0.019245102
1759	carlin	715.0492368	0.27904879	29.41566637	3.624090021	0.150205736
1760	carlin	609.7718025	0.498592193	19.18230873	6.882165605	0.094599308
1761	carlin	636.8463274	0.530051691	18.65067169	7.200294478	0.22002177
1762	carlin	789.3528961	0.208715367	26.52800534	3.560985759	0.058643939
1763	carlin	700.8180376	0.482319096	22.0098415	7.355031487	0.092445063
1764	carlin	636.8594122	0.393822716	18.10179549	6.169362085	0.120858487
1765	carlin	605.1004924	0.145187363	26.73702972	4.892844728	0.279164519
1766	carlin	784.5101795	0.460931758	22.87332771	7.391044734	0.29976451
1767	carlin	507.0199021	0.184159811	21.77031623	2.378173177	0.389732768
1768	carlin	504.7477498	0.360827127	17.29386908	2.944939588	0.080920189
1770	carlin	688.8099489	0.511779381	24.65118181	7.835649717	0.081061556
1771	carlin	595.976775	0.400247873	20.36305311	10.55249666	0.344677273
1772	carlin	630.4832193	0.228875234	30.2389078	4.510150835	0.046671453
1773	carlin	763.7493728	0.180948435	32.82786749	3.058704089	0.007493881
1774	carlin	340.1524204	0.196599429	10.17929982	1.775150434	0.08254559
1775	carlin	637.9366432	0.164304496	22.71099291	3.005716984	0.416200312
1776	carlin	735.9034528	0.145642987	28.78125325	2.953036208	1.321219944
1777	carlin	715.814744	0.510121055	16.04913135	4.877284211	0.504416988
1779	carlin	524.0991083	0.11346215	16.81355063	4.698393395	1.100764301
1780	carlin	2098.840505	0.414530496	93.23960572	4.439166642	1.458239021
1781	carlin	1414.181274	0.299556675	70.6896656	2.904149383	0.041401095
1782	carlin	1362.308535	0.403869197	52.10568103	3.14003495	0.035765139
1783	carlin	1542.958437	0.932975955	40.6581448	4.314710637	0.162316283
1784	carlin	1626.107494	0.348466706	50.18351602	7.60521139	0.478513935
1785	carlin	1738.279828	0.963599167	48.65438585	9.319251494	0.029959966
1786	carlin	1621.849038	0.723246114	46.48206504	10.05216443	0.033472073
1787	carlin	1785.00244	0.413177989	48.36504506	11.76385048	0.1065077
1788	carlin	1890.983952	0.491566534	33.25612029	10.96158299	0.085351323
1789	carlin	2547.242077	0.842825425	79.71372041	7.658115241	0.222718654
1790	carlin	1751.183414	0.603700491	64.56410104	10.54360453	0.125885519
1791	carlin	1538.750876	0.350284183	58.06065228	9.483909333	0.31055221
1792	carlin	1672.189916	0.739543743	74.29598418	7.378898231	0.00346886
1793	carlin	1996.626309	0.881080635	98.25218615	3.820843846	0.012549293
1794	carlin	1644.631419	0.768309253	83.49289695	3.947853135	0.00127116
1795	carlin	1778.747518	0.844892892	87.89274584	3.476454747	0.455549408
1798	carlin	887.5537874	0.42019054	36.07378067	2.106950773	0.314991327
1799	carlin	1002.865835	0.553037839	39.02419339	2.838952056	0.049929563
1800	carlin	1028.298674	0.678839181	33.01528834	3.305103155	0.059065486
1801	carlin	1002.465892	1.017430344	29.86726372	4.10709803	0.043774649
1802	carlin	1081.840609	0.768353664	30.38312234	3.558399643	0.123405269
1803	carlin	1042.278399	0.63701674	29.84138355	3.376730683	0.015834711
1804	carlin	883.6446048	0.294249262	31.50898058	2.131654885	0.055409358
1805	carlin	840.6951254	0.366793392	24.64910619	2.17493935	0.009728668
1806	carlin	895.1961024	0.442239575	35.72188143	2.466732695	0.022401733
1807	carlin	920.2431317	0.53251604	28.80132902	2.868599418	0.023697541
1808	carlin	821.343704	0.35565258	31.29189906	1.789586948	0.063945297
1809	carlin	402.5291182	0.106899915	14.09634837	0.997231389	0.154480354
1810	carlin	1224.261896	1.533187086	28.25427987	3.011348138	0.043807713
1811	carlin	872.5956157	0.432931154	25.70262152	2.788672869	0.001492286
1812	carlin	929.9504612	0.88672897	22.33179366	3.332980491	0.000671697
1813	carlin	932.2083136	0.7358689	21.40395394	3.670288825	0.002424504
1814	carlin	886.7519223	0.421675927	31.70355376	2.853949795	0.008946565
1815	carlin	803.6441146	0.78811079	24.97261562	4.182935591	0.004155
1818	carlin	790.9945253	0.703944274	14.46724569	3.888068481	0.016997714
1819	carlin	723.0224687	0.792752739	11.59991811	4.038739528	0.01996666
1821	carlin	991.0141687	0.493384001	24.877609	2.750826438	0.003028029
1822	carlin	1098.639887	1.058688867	26.66437176	3.582127014	0.016677282
1825	carlin	720.8289332	0.231882057	42.14718888	2.066364949	0.001989619
1826	carlin	733.2403629	0.479921518	38.43256001	3.164980326	0.000780557
1827	carlin	730.4589233	0.681704994	36.97495468	3.57036403	0.010311514
1828	carlin	1110.121206	0.928893264	59.99459738	3.125821099	0.006419117
1829	carlin	793.8592776	0.345568559	27.59954599	2.052924766	0.012196138
1830	carlin	658.7007396	0.591492386	20.34303653	3.072299038	0.005474415
1832	carlin	2577.358912	0.136504295	51.15871157	3.638665639	0.11558831
1833	carlin	2744.73909	0.204568119	41.21436266	1.86981827	0.004211933
1834	carlin	2331.542301	0.267888161	71.24434685	8.478314474	0.005485153
1835	carlin	2449.517151	0.617472167	91.94652666	11.68519061	0.016698583
1836	carlin	2419.931753	0.506673114	96.61636885	11.99106223	0.020231773
1837	carlin	2411.591045	0.550410587	92.89874269	12.5993187	0.018945632
1838	carlin	2339.940841	0.606773828	89.61760635	12.05605611	0.011680899
1839	carlin	2495.644797	0.756406603	84.57649434	9.755143479	0.026466736
1840	carlin	2342.484083	0.864659629	75.82283418	10.36690596	0.034861701
1841	carlin	2096.337936	0.762560012	62.21146974	12.2333653	0.481963467
1842	carlin	3105.098543	0.053317374	42.31089491	0.790418499	0.002338915
1844	carlin	2699.687366	0.095903463	109.3040224	1.686615034	0.005197402
1845	carlin	2574.270718	0.071706044	124.9896058	6.278502122	0.01207749
1846	carlin	2177.32127	0.421445069	82.12378536	10.34940585	0.025311099
1847	carlin	2375.898105	0.683063708	103.1100941	10.07513678	0.031632618
1848	carlin	2417.980211	0.667001091	96.92417403	9.633037137	0.028591518
1849	carlin	2315.875483	0.126222986	62.54802602	4.775281357	0.004382369
1850	carlin	2425.395725	0.08864655	33.13519271	2.546432732	0.037220544
1851	carlin	2909.378104	0.005279828	36.17508592	1.85274106	0.015319418
1992	porphyry	118.2503	40.58	0.23	1.305	0.1128
1993	porphyry	175.6265	39.81	0.16	1.407	0.1028
1995	porphyry	158.28	43.91	0.318	1.11	0.0382
1996	porphyry	86.3892	35.45	0.341	1.39	0.0788
1997	porphyry	96.0768	36.29	0.303	1.43	0.067
1998	porphyry	120.951	37.14	0.42	1.043	0.0293
1999	porphyry	81.864	31.4	0.559	1.21	0.082
2000	porphyry	100.7208	35.05	0.386	1.33	0.162
2003	porphyry	61.992	31.85	0.176	1.66	0.0672
2007	porphyry	83.3544	40.1	0.117	1.53	0.0367
2008	porphyry	61.7652	38.19	0.167	1.36	0.0341
2009	porphyry	91.8864	37.87	0.185	1.501	0.0461
2012	porphyry	69.61	45.61	0.132	2.92	0.038
2013	porphyry	67.59	33.7	0.1	2.84	1.402
2014	porphyry	85.8	26.75	0.173	1.69	0.0586
2015	porphyry	53.08	33.74	0.088	1.59	0.0211
2016	porphyry	60.91	30.56	0.202	1.96	0.501
2017	porphyry	71.85	52.68	0.212	1.04	0.0505
2018	porphyry	77.11	88.52	0.102	1.36	0.16
2019	porphyry	129.13	88.66	0.29	2.08	0.473
2020	porphyry	117.86	64.45	0.322	1.07	0.057
2021	porphyry	99.16	42.6	0.214	1.29	0.199
2025	porphyry	69.94	38.8	0.529	1.69	0.0312
2028	porphyry	88.3728	56.14	0.662	2.11	0.641
2029	porphyry	92.8583	38.71	0.586	1.71	1.096
2030	porphyry	98.1654	48.77	0.77	1.51	0.255
2031	porphyry	99.1914	37.63	0.699	1.84	1.014
2032	porphyry	87.8074	37.79	0.757	1.54	0.976
2033	porphyry	70.11	37.11	0.771	1.95	0.252
2034	porphyry	65.6754	46.38	0.841	1.496	0.19
2035	porphyry	73.4388	45.08	0.783	1.275	0.288
2036	porphyry	98.8038	24.37	0.799	1	0.427
2037	porphyry	85.0098	33.86	1.002	1.92	0.171
2038	porphyry	60.9444	36.65	0.461	1.573	0.321
2039	porphyry	78.9678	38.08	0.986	1.35	0.36
2040	porphyry	86.0397	34.58	1.08	1.89	1.239
2041	porphyry	67.0092	34.89	1.56	1.04	0.127
2042	porphyry	80.1306	34.75	1.58	0.847	0.0424
2048	porphyry	81.9318	54.74	0.105	1.36	0.176
2049	porphyry	104.253	42.07	0.594	1.244	0.378
2050	porphyry	109.1436	58.09	0.134	1.34	0.209
2051	porphyry	73.5186	24.98	0.106	1.39	0.137
2052	porphyry	56.6238	30.16	0.135	1.2	0.089
2053	porphyry	74.4876	47.56	0.072	1.122	0.0878
2054	porphyry	60.249	49	0.128	0.82	0.417
2055	porphyry	101.949	34.75	0.157	1.66	0.349
2056	porphyry	84.0864	25.31	0.104	1.219	0.277
2057	porphyry	91.2228	25.35	0.3	1.55	0.124
2058	porphyry	117.534	54.95	0.099	0.988	0.265
2059	porphyry	73.587	27.39	0.14	0.91	0.0225
2062	porphyry	108.88	54.07	0.191	1.47	0.381
2063	porphyry	91.95	61.93	0.55	1.64	0.077
2064	porphyry	119.51	78.97	0.222	1.63	0.139
2065	porphyry	126.11	38.14	0.356	1.32	0.08
2066	porphyry	155.63	40.71	0.128	1.33	0.096
2067	porphyry	144.66	57.34	0.389	1.23	0.131
2068	porphyry	80.26	54.19	0.289	1.48	0.126
2069	porphyry	66.23	42.25	0.182	1.14	0.0409
2070	porphyry	79.82	51.45	0.157	1.24	0.096
2071	porphyry	170.18	38.79	0.21	2.92	0.034
2072	porphyry	89.2	41.19	0.63	1.46	0.201
2073	porphyry	129.34	40.47	0.267	2.18	0.503
2074	porphyry	80.95	30.94	0.125	1.18	0.0872
2075	porphyry	113.69	66.22	0.409	1.064	0.0268
2076	porphyry	79.3	52.39	0.237	1.56	0.0719
2077	porphyry	91.06	55.44	0.126	1.17	0.0268
2078	porphyry	120.13	62.65	0.79	1.05	0.0257
2079	porphyry	96.89	67.81	0.181	0.9	0.0425
2081	porphyry	112.09	57.28	0.19	1.26	0.0336
2082	porphyry	66.14	38.97	0.251	1.32	0.02
2085	porphyry	89.36	49.05	0.137	1.25	0.128
2086	porphyry	57.22	47.28	0.151	1.09	0.091
2091	porphyry	58.4668	15.71	0.272	1.88	0.085
2092	porphyry	47.5076	14.1	0.18	1.82	0.0262
2093	porphyry	59.1052	10.33	0.23	2.02	0.298
2094	porphyry	43.092	16.25	0.15	1.94	0.211
2095	porphyry	49.1834	18.41	0.125	1.38	0.157
2096	porphyry	62.0312	33.04	0.167	1.64	0.235
2097	porphyry	55.4477	22.95	0.154	1.7	0.088
2098	porphyry	108.3551	15.35	0.39	1.61	0.109
2099	porphyry	51.5109	16.35	0.29	1.24	0.055
2100	porphyry	60.7943	20.48	0.175	1.88	0.115
2101	porphyry	82.3403	22.97	0.139	1.53	0.0203
2102	porphyry	79.5074	16.16	0.722	1.44	0.078
2103	porphyry	80.465	16.61	0.413	1.54	0.242
2104	porphyry	85.0269	11.82	0.31	1.7	0.215
2105	porphyry	57.057	15.17	0.17	1.11	1.083
2106	porphyry	65.9547	15.36	0.379	1.36	0.058
2107	porphyry	118.5429	14.68	0.44	1.82	0.08
2109	porphyry	79.2528	22.55	0.546	1.79	0.303
2110	porphyry	88.293	15.93	1.09	2.67	0.099
2111	porphyry	69.0042	12.11	0.406	2.22	0.403
2112	porphyry	72.4698	18.73	0.678	2.49	2.156
2113	porphyry	78.6486	19.78	0.614	2.17	1.585
2114	porphyry	82.137	24.79	1.56	1.9	0.369
2115	porphyry	84.417	26.73	2	1.82	0.397
2116	porphyry	73.5528	22.88	0.731	1.341	0.276
2117	porphyry	68.0124	25.84	0.904	1.87	0.315
2118	porphyry	74.4192	21.94	0.874	1.9	0.191
2119	porphyry	76.9386	26.81	0.867	1.74	0.228
2120	porphyry	101.0268	24.18	0.737	1.606	0.344
2121	porphyry	81.8976	27.37	0.705	1.63	0.359
2122	porphyry	60.876	17.48	0.99	2.53	0.111
2123	porphyry	135.5232	15.53	1.08	2.59	0.262
2124	porphyry	93.1152	20.13	0.554	1.92	0.23
2125	porphyry	79.4922	23.32	0.49	1.42	0.384
2126	porphyry	83.6304	22.19	0.878	1.27	0.138
2127	porphyry	64.2276	24.66	0.354	1.73	0.434
2128	porphyry	68.0808	22.78	0.615	2.57	0.479
2130	porphyry	85.02	35.41	0.152	1.31	0.093
2131	porphyry	99.8	64.41	0.342	1.03	0.0318
2132	porphyry	89.22	57.95	0.142	0.7	0.151
2133	porphyry	95	39.6	0.362	1.15	0.0533
2134	porphyry	75.46	38.63	0.092	1.27	0.0154
2136	porphyry	95.09	43.76	0.128	1.43	0.082
2137	porphyry	73.11	38.49	0.35	0.8	0.0077
2138	porphyry	79.09	41.98	0.43	1.54	0.0277
2139	porphyry	40.5251	15.67	0.418	1.36	0.0752
2140	porphyry	55.8467	16.28	0.675	1.24	0.12
2141	porphyry	36.3622	18.17	0.44	1.29	0.115
2142	porphyry	41.762	15.2	0.208	1.96	0.265
2143	porphyry	43.2915	14.73	0.392	0.76	0.0579
2144	porphyry	47.4411	14.71	0.8	1.87	0.123
2145	porphyry	56.7245	24.83	0.227	1.29	0.124
2146	porphyry	68.5216	19.23	0.9	1.25	0.2
2147	porphyry	85.4392	17.44	0.626	1.97	0.167
2148	porphyry	69.0536	14.19	0.53	1.04	0.535
2149	porphyry	60.7411	11.37	0.215	1.78	0.152
2150	porphyry	54.1975	11.73	0.385	1.33	0.273
2151	porphyry	49.7154	24.59	0.514	2.8	0.086
2152	porphyry	56.525	12.45	0.379	1.85	0.091
2153	porphyry	77.1932	26.54	0.31	3.24	0.197
2155	porphyry	57.419	16.86	0.483	1.22	0.935
2156	porphyry	69.3316	18.02	0.67	1.76	0.993
2157	porphyry	50.4912	14.66	0.84	1.86	0.277
2158	porphyry	51.0138	18.43	0.615	2.21	0.359
2159	porphyry	88.44	19.25	1.93	1.94	0.265
2160	porphyry	90.852	15.82	0.49	2.02	1.03
2161	porphyry	79.9176	18.08	1.51	1.57	1.31
2162	porphyry	40.4278	14.62	0.419	2.14	0.063
2163	porphyry	60.9566	11.93	1.49	3.3	0.37
2165	porphyry	111.7158	32.02	0.634	0.99	2.27
2166	porphyry	60.1258	14.84	0.82	2.33	0.07
2167	porphyry	52.93	13.62	1.17	1.54	0.0395
2168	porphyry	56.9902	14.99	0.709	2.19	0.308
2169	porphyry	114.7174	17.94	2.67	2.13	0.438
2170	porphyry	48.0926	11.27	1.2	2.44	0.342
2171	porphyry	64.6818	16.16	0.3	2.24	0.557
2172	porphyry	46.1094	18.72	0.701	1.39	0.179
2173	porphyry	149.5574	16.39	3.52	2.58	0.613
2174	porphyry	65.3116	12.66	0.463	2.72	0.684
2176	porphyry	113.5872	12.25	1.39	1.7	0.057
2177	porphyry	48.8784	7.17	1.255	1.32	0.093
2178	porphyry	79.6416	7.28	1.375	1.7	0.0364
2179	porphyry	85.4964	8.53	1.367	2.47	0.0975
2180	porphyry	76.2246	4.39	1.13	2.08	0.632
2181	porphyry	81.1614	2.42	1.36	2.68	0.0213
2182	porphyry	218.8614	4.6	1.88	5.32	0.0137
2183	porphyry	64.6161	8.65	1.68	2.17	0.0199
2184	porphyry	89.6292	9.89	3.52	1.42	0.0415
2186	porphyry	130.806	8.32	3.14	1.46	0.0318
2187	porphyry	43.0344	5.92	1.42	1.52	0.044
2188	porphyry	88.0812	5.45	2.25	1.54	0.089
2189	porphyry	81.3087	4.13	1.53	2.26	0.312
2190	porphyry	70.1244	8.44	1.18	2.28	0.0448
2194	porphyry	78.1611	7.46	2.66	1.75	0.0307
2195	porphyry	90.1323	6.88	3.09	2.27	0.0437
2196	porphyry	58.0482	6.19	2.18	2.03	0.0224
2197	porphyry	92.0856	7.75	4.71	1.58	0.01
2198	porphyry	36.1386	4.62	1.475	1.98	0.0164
2199	porphyry	68.0442	5.49	2.43	1.396	0.0157
2201	porphyry	90.3822	8.78	0.78	1.62	0.061
2202	porphyry	132.7734	4.16	1.54	3.27	0.034
2203	porphyry	172.584	3.31	2.79	4.55	0.0292
2204	porphyry	193.7128	5.79	1.649	3.03	0.0292
2205	porphyry	300.9728	4.58	1.901	2.91	0.0534
2206	porphyry	80.4264	4.17	1.864	1.544	0.0551
2207	porphyry	104.3956	8.8	2.41	2.41	0.0433
2208	porphyry	92.256	8.37	1.12	1.88	0.086
2209	porphyry	50.6416	6.57	0.66	2.32	0.16
2210	porphyry	225.5188	10.9	2.49	2.08	0.204
2211	porphyry	60.574	5.06	1.29	1.79	0.061
2212	porphyry	119.336	8.23	1.65	2.52	0.0461
2213	porphyry	49.1536	5.12	0.466	2.78	0.059
2214	porphyry	55.8992	6.45	1.228	2.11	0.0167
2215	porphyry	302.684	9.48	1.014	1.67	0.0455
2216	porphyry	184.3136	8.54	1.54	1.87	0.0237
2217	porphyry	173.662	8.07	2.41	2.86	0.066
2218	porphyry	247.1196	8.39	0.997	3.02	0.04
2219	porphyry	126.6908	5.16	0.642	3.62	0.056
2221	porphyry	155.6055	2.13	6.67	1.48	0.1
2222	porphyry	189.32346	4.07	9.09	1.33	0.0152
2223	porphyry	151.19496	3.29	6.66	1.21	0.025
2224	porphyry	248.30928	3.3	13.36	1.79	0.0064
2225	porphyry	160.04352	4.6	7.07	1.63	0.0624
2226	porphyry	179.82912	2.51	3.78	2.48	0.287
2227	porphyry	77.98824	2.33	2.87	1.23	0.0513
2228	porphyry	122.31348	2.35	4.05	1.92	0.017
2229	porphyry	93.69306	3	3.19	1.53	0.035
2230	porphyry	114.99006	2.26	5.02	1.43	0.0065
2231	porphyry	144.6135	2.5	5.14	2.52	0.0373
2232	porphyry	128.99112	1.54	6.1	2.23	0.006
2233	porphyry	145.46538	2.13	7.08	1.24	0.0037
2235	porphyry	187.66092	3.36	8.62	1.55	0.127
2236	porphyry	143.7891	2.34	3.02	3.71	0.249
2237	porphyry	94.61364	3.28	3.74	1.64	0.0327
2238	porphyry	156.88332	3.14	3.67	1.28	0.0436
2239	porphyry	99.43638	2.5	2.52	1.52	0.0552
2240	porphyry	59.1213	1.69	1.91	2.37	0.0106
2241	porphyry	113.4063	2.41	2.69	3.89	0.067
2243	porphyry	110.5299	1.81	3.99	3.11	0.016
2244	porphyry	76.6758	4.39	1.1	2.35	0.144
2245	porphyry	68.4696	4.5	1.54	2.51	0.0326
2248	porphyry	109.3737	3.62	2.65	2.15	0.0073
2249	porphyry	62.0796	6.12	0.844	2	0.0496
2250	porphyry	109.296	7.09	2.77	2.51	0.0368
2251	porphyry	180.7476	7.95	3.79	1.77	0.0542
2252	porphyry	137.5968	6.74	4.96	1.73	0.0444
2253	porphyry	104.016	5.53	1.37	2.15	0.0567
2254	porphyry	112.6488	8.76	2.96	2.18	0.017
2255	porphyry	151.7868	8.76	2.334	2.08	0.0573
2256	porphyry	127.71	4.65	1.033	2.77	0.19
2257	porphyry	193.8156	6.11	1.29	2.6	0.358
2258	porphyry	117.1104	5.07	1.213	2.27	0.101
2259	porphyry	58.3044	6.32	1.006	1.628	0.0238
2260	porphyry	259.38	9.73	1.231	5.64	0.168
2261	porphyry	191.1492	6.2	0.911	1.94	0.288
2262	porphyry	75.108	7.37	2	1.34	0.024
2263	porphyry	67.7952	5.16	1.583	1.424	0.0306
2264	porphyry	86.6184	5.46	1.621	1.843	0.0419
2265	porphyry	76.6392	4.83	1.365	2.01	0.016
2266	porphyry	108.2928	6.18	1.445	2.56	0.0561
2267	porphyry	105.9828	4.98	1.131	2.13	0.0206
2268	porphyry	66.1848	5.11	1.056	1.78	0.0093
2389	porphyry	56.7	29.4	6.07	1.29	0.01
2390	porphyry	56.1	32.5	6.26	1.1	0.01
2391	porphyry	101	34.6	3.11	1.18	0.98
2394	porphyry	60.5	27.9	6.82	1.21	0.01
2395	porphyry	82.9	27	8.14	1.17	0.07
2397	porphyry	55.9	31.4	5.73	0.82	0.01
2398	porphyry	49.9	32.6	3.61	1.1	0.01
2399	porphyry	49.9	36.3	2.85	0.95	0.03
2401	porphyry	97.5	25	6.78	0.82	0.12
2405	porphyry	105	21.4	7.77	1.98	0.03
2406	porphyry	95.3	24.2	5.79	1.9	0.02
2520	granite	581.95	9.63	63	1.815	0.2178
2521	granite	553.75	10.27	63.3	1.867	0.0229
2522	granite	655.09	10.63	73.69	1.773	0.0862
2523	granite	390.33	8.95	40.92	1.905	0.0703
2524	granite	591.51	11.08	59.45	1.944	0.085
2525	granite	764.74	8.82	78.73	1.949	0.0502
2526	granite	780.59	10.2	80.59	2.044	0.078
2527	granite	749.44	11.06	78.66	1.911	0.1291
2528	granite	465.39	11.19	44.17	1.906	0.0651
2529	granite	887.82	11.87	80.36	1.931	0.0571
2530	granite	627.23	11.08	64.23	1.956	0.1168
2531	granite	753.68	10.06	71.23	1.865	0.0721
2532	granite	807.39	11.95	78.77	2.143	0.0695
2533	granite	783.24	8.69	76.22	1.871	0.0788
2534	granite	744.98	9.49	96.43	2.28	0.0708
2535	granite	772.44	8.78	92.2	1.9	0.0692
2536	granite	685.77	11.37	94.04	1.92	0.121
2537	granite	802.56	15.76	87.28	2.17	0.102
2538	granite	731.7	15.3	76.99	2.16	0.0747
2539	granite	726.89	15.29	83.38	2.41	0.089
2540	granite	837.02	13.44	89.59	2.17	0.12
2541	granite	761.88	13.34	85.97	2.26	0.113
2542	granite	712.77	16.46	87.93	2.35	0.144
2543	granite	813.87	7.53	120.32	1.98	0.0949
2544	granite	810.83	13.49	94.39	1.81	0.01
2545	granite	664.07	7.2	83.84	2.16	0.01
2546	granite	736	16.16	96.14	2.09	0.0836
2547	granite	888.74	6.69	99.83	2.07	0.0446
2548	granite	667.9	10.93	74.53	2.2	0.143
2549	granite	741.32	11.92	80.22	1.99	0.121
2550	granite	830.79	7.75	89.69	1.83	0.0558
2551	granite	727.53	13.95	89	1.93	0.01
2552	granite	804.86	8.54	91.06	1.77	0.079
2553	granite	615.25	14.99	66.82	2.14	0.083
2554	granite	519.72	13.46	51.44	1.59	0.0814
2555	granite	673.2	8.85	82.23	2.08	0.0226
2556	granite	810	9.33	93.77	1.85	0.0809
2557	granite	763.64	17.23	94.79	1.96	0.113
2558	granite	733.9	16.95	78.12	2.12	0.079
2559	granite	656.25	15	71.47	1.91	0.145
2560	granite	885.76	5.75	153.22	1.779	0.1187
2561	granite	862.44	5.04	143.53	2.023	0.0518
2562	granite	847.8	4.09	115.47	1.763	0.0204
2563	granite	866.25	4.64	125.66	1.832	0.0723
2564	granite	759.71	3.55	114.3	1.765	0.1337
2565	granite	986.45	5.18	162.06	2.165	0.0915
2566	granite	808.22	6.7	134.3	2.15	0.0733
2567	granite	791.13	6.38	128.66	2.027	0.1218
2568	granite	871.89	4.56	102.6	1.67	0.0691
2569	granite	806.23	4.29	100.61	1.541	0.0263
2570	granite	904.22	8.08	151.62	2.017	0.0831
2571	granite	910.39	9.8	105.86	1.997	0.233
2572	granite	807.69	8.53	114.1	2.08	0.0631
2573	granite	760.45	5.85	109.39	1.699	0.077
2574	granite	877.52	10.18	137.12	2.06	0.0585
2575	granite	770.79	5.61	97.46	1.784	0.0877
2576	greisen	2710.18	7.14	317.46	2.53	0.0134
2577	greisen	3522.07	8.01	386.13	3.06	0.0245
2578	greisen	2564.34	5.67	270.88	1.39	0.0284
2579	greisen	3021.08	7.15	323.01	2.74	0.0217
2580	greisen	2993.61	7.87	321.79	1.966	0.01
2581	greisen	2487.69	6.77	277.79	2.63	0.0153
2582	greisen	756.25	6.05	157.4	1.94	0.0206
2583	greisen	681.44	7.12	124.41	2.5	0.0267
2584	greisen	574.23	6.7	87.77	1.7	0.0262
2585	greisen	1069.23	6.75	216.46	1.99	0.0404
2586	greisen	492.98	5.91	83.31	1.407	0.0375
2587	greisen	280.09	5.97	66.27	1.29	0.0471
2588	greisen	3444.49	4.14	677.2	11.95	0.038
2589	greisen	3876.01	4.12	713.94	11.46	0.0195
2590	greisen	3625.15	4.13	669.89	12.32	0.01
2591	greisen	4205.08	3.88	786.9	6.72	0.0144
2592	greisen	3891.96	4.01	718.81	11.47	0.0117
2593	greisen	3792.53	4.43	704.54	11.21	0.0127
2594	greisen	3614.98	3.95	709.34	8.86	0.0153
2595	greisen	3860.44	3.35	661.06	8.62	0.0211
2596	greisen	4101.56	3.39	652.65	6.14	0.0119
2597	greisen	3249.41	3.75	582.84	4.32	0.0376
2598	greisen	504.35	2.95	87.96	1.5	0.01
2599	greisen	839.44	3.68	193.95	2.07	0.0249
2600	greisen	651.38	3.06	178.9	1.91	0.0463
2601	greisen	891.87	3.43	213.99	1.95	0.0749
2602	greisen	407.54	3.36	113.3	1.96	0.0214
2603	greisen	2478.38	3.58	397.3	5.29	0.01
2604	greisen	2222.01	1	353.12	3.36	0.0126
2605	greisen	2167.48	1.69	327.98	3.29	0.01
2606	greisen	1864.56	2.5	314.6	2.79	0.01
2607	greisen	3563.07	3.74	422.17	4.72	0.0222
2608	greisen	962.01	2.54	134.77	1.302	0.0305
2609	greisen	1365.85	4	198.76	2.38	0.01
2610	greisen	2669.68	4.14	402.4	4.96	0.01
2611	greisen	425.74	1.71	86.05	3.28	0.01
2612	greisen	727.77	4.7	97.39	3.34	0.0854
2613	greisen	601.84	1.62	93.39	4.05	0.0493
2614	greisen	662.76	3.32	135.45	4.12	0.0309
2615	greisen	590.86	2.36	94.47	4.26	0.0367
2616	greisen	2277.7	5.09	282.66	11.91	0.157
2617	greisen	2935.74	3.19	290.45	9.66	0.0377
2618	greisen	2272.42	6.21	295.13	3.66	0.01
2619	greisen	2067.84	7.13	252.01	4.57	0.01
2620	greisen	509.91	4.6	81.62	2.47	0.01
2621	greisen	1351.77	7.39	174.11	1.938	0.01
2622	greisen	1629.06	5.99	210.67	2.34	0.0105
2623	greisen	1744.52	4.37	232.18	2.37	0.0148
2624	greisen	1689.58	5.78	218.21	2.65	0.01
2625	porphyry	519.44	54.29	58.28	1.13	0.01
2626	porphyry	406.37	42.95	47.52	1.096	0.0405
2627	porphyry	336.05	27.42	37.05	1.268	0.0145
2628	porphyry	460.15	42.91	52.83	1.307	0.0207
2629	porphyry	409.36	35.42	50.58	1.415	0.0241
2630	porphyry	432.43	31.15	46.96	1.275	0.029
2631	porphyry	408	43.25	48.9	1.149	0.0144
2632	porphyry	439.22	45.85	51.79	1.386	0.0158
2633	porphyry	399.4	47.02	52.87	1.343	0.0597
2634	porphyry	443.58	51.73	53.82	1.153	0.01
2635	porphyry	556.95	37.82	100.63	1.481	0.0295
2636	porphyry	390.22	60.04	65.98	1.118	0.0273
2637	porphyry	365.31	43.36	51.26	1.166	0.0261
2638	porphyry	386.12	32.22	46.53	1.447	0.0303
2639	porphyry	393.98	39.51	40.57	1.391	0.0232
2640	porphyry	413.55	43.46	43.55	1.359	0.1087
2641	porphyry	415.28	46.78	41.82	1.16	0.0267
2642	porphyry	453.37	54.57	46.89	1.235	0.0304
2643	porphyry	422.2	43.25	44.67	1.316	0.0721
2644	porphyry	396.82	48	47.94	1.174	0.0211
2645	porphyry	442.02	46.73	48.27	0.972	0.0295
2646	porphyry	380.45	53.74	60.25	1.026	0.0446
2647	porphyry	449.15	51.98	50.64	1.208	0.0207
2648	porphyry	432.71	42.6	41.67	1.04	0.0317
2649	porphyry	473.39	56.86	48.64	1.052	0.034
2650	porphyry	432.48	43.51	46.22	1.075	0.0434
2651	porphyry	389.18	43.85	44.91	1.299	0.0349
2994	greisen	134.6	14.4	27.9	0.9	0.07
2995	greisen	130.3	14	24.9	1	0.08
2996	greisen	208.5	15.1	23.5	0.8	0.06
2997	greisen	147.8	6.6	10.8	1.9	0.05
2998	greisen	304.9	3.9	17.5	2.3	0.1
2999	greisen	387.2	3.1	27.2	1.7	0.05
3000	greisen	59.5	6.4	1.7	1	0.07
3001	greisen	130	1.9	6.4	0.7	0.06
3002	greisen	107.5	0.8	3.7	0.7	0.22
3003	greisen	309.8	4.8	4.6	1.9	0.06
3004	greisen	116.8	4.8	6.9	1.1	0.05
3005	greisen	410.1	5.5	14.4	1.6	0.06
3006	greisen	82.8	3.8	2	2.2	0.05
3007	greisen	347.6	3.6	15.9	1.8	0.04
3008	greisen	84.2	4.4	3.9	1.5	0.05
3009	greisen	437.2	5.8	13.8	1.4	0.08
3010	greisen	371.4	5.6	27.3	1.6	0.82
3011	greisen	560.9	5.3	27.5	1.7	0.07
3013	greisen	33	2.4	4.7	0.1	0.04
3014	greisen	29.2	2.7	2	0.1	0.35
3015	greisen	69.3	0.6	14	0.8	0.07
3016	greisen	103.2	0.9	33.1	0.9	0.04
3017	greisen	35.8	4	3.3	0.1	0.04
3018	greisen	45.1	2.5	1.7	0.1	0.07
3019	greisen	45.1	2.1	2.6	0.1	0.12
3020	greisen	141.1	5.9	3.2	0.1	0.31
3021	greisen	63.6	1.5	3.6	0.6	0.12
3022	greisen	76.6	5.2	3.4	0.3	0.06
3023	greisen	58.9	1.5	2.1	1.5	0.05
3024	greisen	82.3	10.2	2.1	2	0.05
3025	greisen	112.6	13.1	2.5	2.2	0.08
3026	greisen	78.7	10.9	9.7	2.2	0.08
3027	greisen	116.3	11.6	2	1.8	0.04
3028	greisen	130.7	12.4	1.8	2	0.05
3029	greisen	94.2	10.1	3.1	2	0.03
3030	greisen	151.4	8	2.7	2.1	0.08
3031	greisen	179.4	9.4	3.3	2.5	0.22
3032	greisen	80.7	6.6	0.3	1.9	0.02
3033	greisen	10.2	1.2	0.6	0.9	0.06
3034	greisen	37	2.1	1.4	0.2	0.04
3035	greisen	8.2	1.5	1.4	1.9	0.08
3036	greisen	150.5	4	20.7	1.1	0.07
3037	greisen	187.7	0.8	27.9	1.7	0.06
3038	greisen	93	2.9	9.3	0.8	0.02
3039	greisen	136.4	0.9	36.1	1.3	0.05
3040	greisen	165.9	1.6	34.9	1.7	0.05
3041	greisen	148.7	1.6	24.1	1	0.07
3042	greisen	112.5	2.9	35.6	1.4	0.06
3043	greisen	41.5	2.7	0.7	0.8	0.04
3044	greisen	88.1	2.7	1.6	0.9	0.04
3045	greisen	119.3	0.8	9.3	1.7	0.09
3047	greisen	154	1.1	7.5	1.9	0.54
3048	greisen	172.3	2.8	36.1	2.4	0.05
3049	greisen	132.7	2.7	32.2	2.2	0.05
3050	greisen	186.2	2.2	23.5	2	0.03
3051	greisen	63.2	0.9	1	0.6	0.08
3052	greisen	74.5	1.4	9.8	0.7	0.07
3053	greisen	28.1	0.7	4	0.7	0.06
3054	greisen	55.9	1	4.2	0.8	0.06
3055	greisen	52.5	0.4	5.3	0.9	0.05
3056	greisen	30.9	1.2	4.7	1.1	0.07
3057	greisen	136.1	0.6	8.6	1.3	0.06
3058	greisen	110.5	2	10.4	0.4	0.04
3059	greisen	104.7	0.8	10.9	0.5	0.05
3061	greisen	101.4	1.8	16.8	0.6	0.07
3062	greisen	102.9	1.5	12.6	0.6	0.05
3063	greisen	90.9	1.6	5.8	1	0.09
3064	greisen	139.2	0.9	4	1.4	0.09
3065	greisen	121	1.2	6.9	1.3	0.06
3066	greisen	51.3	0.7	5.3	0.9	1.15
3067	greisen	84.4	2.8	1.7	1.5	0.04
3068	greisen	137.3	1.5	9.2	1.9	0.07
3069	greisen	123.8	4.1	4.8	1.8	0.05
3070	greisen	70.8	4.4	7.4	1.5	0.04
3071	greisen	95.8	4.4	5.4	1.5	0.07
3072	greisen	68.3	0.8	6.6	1	0.06
3073	greisen	74.2	0.9	7.2	1	0.05
3074	greisen	30.2	0.7	2.5	1	0.05
3075	greisen	81.9	2.6	6.7	1.7	0.05
3076	greisen	81.2	1.7	5.3	1.5	0.12
3078	greisen	310	6.3	8.2	1.7	0.03
3079	greisen	188.9	4.5	1.6	1.8	0.06
3080	greisen	310.1	5.6	4.3	1.6	0.04
3081	greisen	95.6	6.9	14.3	1.8	0.06
3082	greisen	330.4	6.3	8.4	2.1	0.08
3083	greisen	90.7	6	7.8	1.6	0.14
3085	greisen	233.2	3.3	7.6	1.2	0.1
3086	greisen	97.4	5.9	13.3	1.6	0.06
3118	granite	158.1	70.35	1.08	0.57	0.63
3122	granite	303.06	88.84	0.5	1.12	1.68
3125	granite	480.73	42	0.72	0.76	3.25
3126	granite	480.73	42	0.72	0.76	3.25
3129	granite	443.99	47.32	0.53	0.63	1.79
3130	granite	366.62	84.65	0.72	0.56	4.63
3131	granite	198.49	59.8	2.64	0.68	3.4
3132	granite	342.42	82.43	0.39	0.61	2.49
3133	granite	352.47	60.59	1.17	0.66	2.8
3135	granite	336.96	75.71	0.35	0.62	1.98
3141	IRG	360.82	14.43	0.5	4.56	1.57
3142	IRG	418.96	14.61	0.67	3.85	1.31
3143	IRG	397.55	14.63	0.69	4	1.43
3144	IRG	261.07	11.7	0.75	4.63	1.47
3145	IRG	530.94	17.34	0.55	4.25	2.27
3146	IRG	587.17	18.25	0.53	4.32	2.42
3149	IRG	191.42	13.11	0.72	2.54	1.01
3152	IRG	308.45	24.49	0.5	2.37	1.27
3154	IRG	295	22.27	0.4	2.51	1.17
3157	IRG	270.87	21.79	0.5	2.39	1.14
3159	IRG	434.79	26.57	0.67	1.59	5.97
3160	IRG	382.59	20.79	0.71	1.52	4.74
3163	IRG	343.28	28.87	0.63	1.78	2.9
3164	IRG	443.21	32.71	0.66	2.26	2.98
3167	IRG	378.52	27.97	0.64	1.61	3.06
3168	IRG	357.18	34.88	0.85	2.47	8.36
3169	IRG	184.92	27.96	0.93	1.74	1.13
3170	IRG	214.71	25.65	0.36	2.04	2.53
3172	IRG	178.46	12.82	1.44	1.91	3.62
3173	IRG	217.59	10.98	1.98	3.7	4.25
3174	IRG	257.74	11.3	2.43	2.16	1.82
3175	IRG	239.88	18.85	0.93	2.3	3.31
3176	IRG	196.57	18.55	0.56	2.39	1.11
3177	IRG	302.74	19.28	0.57	2.19	3.12
3178	IRG	234.56	15.6	3.21	3.2	2.04
3179	IRG	204.93	16.54	0.54	2.03	1.76
3180	IRG	253.28	14.51	0.59	1.8	2.93
3181	IRG	211.09	15.06	0.51	1.76	2.24
3182	IRG	262.58	14.56	0.62	1.8	3.09
3183	IRG	303.11	15.64	1.84	2.23	2.22
3184	IRG	247.47	17.08	0.95	2.2	1.82
3185	IRG	251.09	25.6	0.51	2.31	9.69
3186	IRG	263.56	14.91	3.96	3.21	3.12
3187	IRG	253.87	14.32	0.75	3.35	2.92
3188	IRG	240.26	26.15	0.46	2.38	3.08
3189	IRG	363.1	15.86	0.9	2.74	3.02
3190	IRG	260.25	13.66	0.75	3.36	3.5
3191	IRG	367.98	40.22	1.15	1.74	1.17
3192	IRG	493.06	21.69	0.62	2.18	2.69
3193	IRG	743.13	22.58	0.7	2.09	2.69
3194	IRG	381.34	31.1	1.34	1.91	2.06
3195	IRG	668.93	32.01	1.59	3.47	3.74
3196	IRG	695.28	31.07	1.62	3.69	3.96
3197	IRG	239.01	24.8	0.55	1.71	5.13
3198	IRG	400.26	41.52	0.82	1.46	3.61
3199	IRG	466.83	37.06	1.16	1.3	4.82
3226	IRG	380.51	8.1	2.61	1.85	0.96
3237	IRG	418.96	11	2.44	1.58	0.94
3251	IRG	328.96	10.97	2.43	1.85	1.38
3259	IRG	555.34	15.36	3.18	2.09	1.59
3265	IRG	447.32	13.9	2.36	1.77	1.34
3266	IRG	385	7.05	2.08	1.96	1
3329	IRG	232.83	27.85	0.94	1.37	0.4
3332	IRG	384.32	13.13	3.48	1.48	1.33
3337	IRG	309.11	24.51	0.51	1.35	0.3
3338	IRG	264.1	21.63	0.35	1.36	0.37
3348	IRG	136.86	30.84	0.38	1.42	0.74
3364	IRG	113.08	29.99	0.85	1.6	0.25
3365	IRG	105.46	25.05	0.89	1.48	0.5
3366	IRG	134.52	35	0.81	1.43	0.43
3367	IRG	157.85	32.58	0.72	1.54	0.51
3368	IRG	173.99	30.64	0.64	1.6	0.56
3369	IRG	265.54	28.71	0.39	1.43	0.9
3377	IRG	174.89	27.36	0.42	1.46	0.73
3379	IRG	368.31	13.17	1.32	1.98	8.38
3382	IRG	293.08	31.94	0.48	1.34	1.03
3387	IRG	79.08	33.38	0.51	1.48	0.55
3407	IRG	315.04	11.84	2.05	1.54	2.4
3417	IRG	370.2	10.27	0.83	1.83	3.8
3419	IRG	257.46	9.94	2.34	1.3	3.92
3426	IRG	281.39	11.35	0.62	1.89	3.07
3491	IRG	78.08	6.35	1.83	1.66	1.05
3494	IRG	130.62	7.11	2.34	1.59	0.52
3504	IRG	80.64	7.4	0.77	1.38	0.4
3568	IRG	600.73	7.41	0.91	1.46	1.49
3573	IRG	200.18	7.95	8.42	1.63	0.58
3574	IRG	439.6	5.02	2.41	3.63	1.35
3579	IRG	508.76	12.98	0.78	1.59	1.68
3585	IRG	232.11	5.57	2.29	1.54	1.49
3588	IRG	112.74	5.59	2.95	1.37	1.39
3589	IRG	219.18	7.64	1.94	1.82	1.32
3605	IRG	470.47	12.61	1.74	1.76	2.08
3620	IRG	77.75	6.42	0.45	3.95	6.01
3622	IRG	227.4	7.2	3.54	4.19	3.94
3624	IRG	198.53	6.42	3.37	4.29	2.49
3625	IRG	265.53	7.32	4.68	3.72	3.92
3627	IRG	296.7	7.27	6.9	3.66	3.61
3628	IRG	267.76	7.79	3.42	3.27	4.36
3644	IRG	57.3	6.89	0.66	1.63	3.43
3645	IRG	66.27	4.01	0.35	1.51	1.9
3647	IRG	128.71	7.94	1.44	1.96	1.76
3648	IRG	74.3	5.7	3.13	1.43	2.14
3649	IRG	67.4	6.76	1.84	1.51	3.4
3650	IRG	84.92	5.84	1.16	1.76	1.35
3651	IRG	82.13	5.39	0.53	1.53	3.9
3652	IRG	87.42	7.2	1.16	1.37	3.38
3655	orogenic	96.11	33.43	1.78	1.22	0.6
3656	orogenic	167.72	36.96	9.36	1.5	1.09
3657	orogenic	223.84	39.79	0.75	1.24	1.29
3658	orogenic	138.35	29.18	8.44	1.29	0.62
3659	orogenic	158.35	36.98	4.86	1.34	0.47
3660	orogenic	285.39	27.91	0.63	1.74	1.36
3661	orogenic	413.17	27.31	0.69	1.59	0.47
3662	orogenic	355.03	31.41	0.66	1.64	0.79
3663	orogenic	458.07	34.63	0.82	1.38	1.7
3664	orogenic	369.58	28.89	0.46	1.63	0.43
3665	orogenic	500.52	28.22	0.48	1.6	0.54
3666	orogenic	301.43	25.17	0.69	1.41	0.38
3667	orogenic	625.21	30.93	0.72	1.64	0.5
3669	orogenic	234.97	8.7	0.85	1.07	0.33
3670	orogenic	331.68	8.21	0.82	0.99	0.7
3671	orogenic	274.88	8.98	6.43	0.87	0.63
3672	orogenic	244.69	9.6	0.78	1.14	0.67
3673	orogenic	254.11	8.7	3.9	0.81	0.32
3674	orogenic	131.34	7.57	2.16	0.85	0.27
3675	orogenic	464.25	9.21	8.59	0.81	0.42
3676	orogenic	201.79	9.21	0.81	0.97	0.4
3677	orogenic	187.84	9.69	3.78	0.84	0.27
3678	orogenic	4021.21	1.81	0.99	1.11	9.97
3679	orogenic	1635.02	1.68	0.99	1	9.69
3681	orogenic	2195.68	1.56	0.99	1.78	10.14
3682	orogenic	1642.35	1.73	0.99	1	9.59
3683	orogenic	2722.96	3.86	0.99	2.83	11.53
3685	orogenic	3729.38	2.43	0.99	1.68	5.36
3686	orogenic	3381.72	2.47	0.99	1.44	2.08
3687	orogenic	2690.49	2.01	0.99	2.01	13.36
3688	orogenic	2693.83	2.1	0.99	1.99	13.46
3689	orogenic	3642.88	2.26	0.99	1.7	4.56
3690	orogenic	3418.39	2.74	0.99	1.35	6.21
3691	orogenic	3175.76	3.55	0.99	1.32	9.08
3692	orogenic	3277.12	4.84	1	1.31	9.45
3693	orogenic	3674.03	2.31	0.99	1.84	11.94
3694	orogenic	3160.63	2.46	0.99	1.57	14.68
3695	orogenic	3467	2.89	0.99	2.07	9.31
3696	orogenic	3153.06	3.84	0.99	2.36	5.47
3697	orogenic	1976.5	1.9	1	9.19	3.95
3699	orogenic	3724.63	1.67	0.99	0.98	18.02
3701	orogenic	2569.64	3.09	1	1.69	0.97
3702	orogenic	2268.47	2.24	0.99	1.03	6.06
3703	orogenic	3622.59	3.24	0.99	0.96	18.75
3704	orogenic	2894.74	2.95	0.99	1.03	15.49
3718	orogenic	161.4	4.02	0.82	0.62	0.27
3720	orogenic	122.17	2.61	4.27	0.69	0.32
3721	orogenic	212.04	4.7	5.43	0.57	0.43
3723	orogenic	140.7	3.45	2.4	0.73	0.35
3724	orogenic	270.43	3.67	3.65	0.51	0.5
3725	orogenic	159.37	10.21	5.14	0.82	1.15
3726	orogenic	220.04	3.06	1.2	0.69	0.44
3727	orogenic	87.63	5.67	6.11	0.71	0.41
3728	orogenic	98.65	4.67	2.31	0.56	0.76
3729	orogenic	102.27	3.56	4.75	0.6	0.76
3731	orogenic	166.75	4.06	0.92	0.71	0.49
3732	orogenic	143.13	5.25	5.02	0.63	0.81
3733	orogenic	187.43	5.54	0.88	0.59	0.93
3734	orogenic	192.63	5.09	0.79	0.74	0.55
3735	orogenic	126.43	13.8	0.63	0.49	2.64
3736	orogenic	110.01	20.82	1.7	0.72	0.74
3738	orogenic	91.03	14.74	1.45	0.82	0.53
3739	orogenic	147.94	17.6	2.25	0.8	0.7
3740	orogenic	112.52	16.41	0.6	0.63	1.3
3753	orogenic	110.46	17.85	1.53	0.73	1.73
3754	orogenic	122.36	16.47	1.42	0.72	2.52
3756	orogenic	119.76	15.73	1.13	0.62	1.58
3759	orogenic	99.89	17.96	2.24	0.78	1.01
3761	orogenic	94.44	18.43	2.85	0.83	0.32
3763	orogenic	1623.42	3.41	0.51	6.98	1.33
3767	orogenic	634.55	1.77	0.72	2.84	0.51
3770	orogenic	782.73	9.89	0.91	5.31	0.63
3771	orogenic	1714.92	3.13	0.64	8	0.99
3773	orogenic	249.32	2.67	0.81	2.83	0.37
3774	orogenic	249.32	2.67	0.81	2.83	0.37
3775	orogenic	454.56	2	0.88	3.61	0.57
3778	orogenic	606.89	2.94	0.76	2.88	0.44
3783	orogenic	452.47	2.15	0.78	3.25	0.61
3784	orogenic	516.16	2.69	0.82	4.93	0.45
3785	orogenic	387.73	2.34	0.83	2.91	0.27
3786	orogenic	387.73	2.34	0.83	2.91	0.27
3788	orogenic	1345.75	7.22	0.85	6.94	0.38
3789	orogenic	725.85	4.28	0.82	3.94	0.58
3790	orogenic	556.12	3.85	0.8	3.87	0.35
3792	orogenic	1393.79	3.9	0.7	4.69	0.45
3798	orogenic	322.64	1.81	0.65	2.26	0.5
3799	orogenic	559.44	5.49	0.79	3.93	0.8
3803	orogenic	420.39	2.15	0.82	2.56	0.26
3805	orogenic	648.54	4.35	0.78	3.73	0.29
3807	orogenic	822.09	3.45	0.65	2.82	0.31
3808	orogenic	822.09	3.45	0.65	2.82	0.31
3809	orogenic	450.92	2.57	0.73	2.7	0.32
3810	orogenic	407.71	2.35	0.71	2.56	0.37
3811	orogenic	789.44	2.8	0.79	3.66	0.42
3812	orogenic	789.44	2.8	0.79	3.66	0.42
3813	orogenic	675.37	5.8	0.87	5	0.53
3816	orogenic	662.35	2.89	0.79	3.84	0.35
3817	orogenic	662.35	2.89	0.79	3.84	0.35
3821	orogenic	111.94	1.92	0.69	1.61	0.53
3822	orogenic	552.85	3.45	0.71	3.13	0.32
3823	orogenic	552.85	3.45	0.71	3.13	0.32
3824	orogenic	374.38	2.15	0.85	2.63	0.73
3825	orogenic	519.62	1.78	0.82	2.67	0.54
3826	orogenic	519.62	1.78	0.82	2.67	0.54
3827	orogenic	741.96	2.22	0.66	3.1	0.35
3828	orogenic	741.96	2.22	0.66	3.1	0.35
3829	orogenic	359.13	2.13	0.74	2.48	0.57
3831	orogenic	119.56	6.13	0.79	1.57	0.9
3832	orogenic	158.45	1.78	0.57	1.94	0.36
3833	orogenic	130.99	3.78	1.18	1.64	1.58
3834	orogenic	370.4	2.59	0.8	2.71	0.31
3835	orogenic	370.4	2.59	0.8	2.71	0.31
3847	orogenic	53.57	2.6	0.75	1.09	0.27
3848	orogenic	412.78	2.31	0.36	1.09	0.32
3850	orogenic	71.91	5.19	3.47	1.1	0.41
3851	orogenic	201.79	6.35	0.75	1.25	0.45
3854	orogenic	137.66	5.39	0.7	1.56	0.33
3857	orogenic	196.48	6.86	0.46	1.5	0.54
3860	orogenic	168.47	6.25	0.53	1.43	0.28
3861	orogenic	103.72	5.03	0.41	1.32	0.3
3862	orogenic	103.81	5.77	0.67	1.26	0.34
3863	orogenic	52.81	6.81	1.59	1.3	0.72
3867	orogenic	257.88	5.75	0.57	1.3	1.06
3868	orogenic	125.6	7.07	0.55	1.48	0.32
3870	orogenic	138.11	5.43	0.7	1.22	0.68
3871	orogenic	90.23	5.48	0.55	1.48	0.42
3872	orogenic	52.04	1.97	0.51	1.29	0.56
3873	orogenic	91.59	6.36	0.74	1.64	0.34
3874	orogenic	92.53	6.35	0.75	1.64	0.35
3878	orogenic	212.29	4.96	0.87	1.94	0.7
3880	orogenic	191.22	6.07	0.72	1.46	0.47
3883	orogenic	209.86	5.19	0.74	1.27	0.43
3884	orogenic	118.94	8.32	0.45	1.37	0.6
3886	orogenic	386.74	7.79	0.77	2	1.15
3887	orogenic	425.47	8.49	0.55	1.82	1.26
3888	orogenic	223.07	3.8	0.8	1.19	0.36
3910	orogenic	3143.73	2.3	0.99	0.75	6.4
3912	orogenic	2331.64	1.85	0.99	12.42	1.33
3979	orogenic	97.86	1.56	0.4	1.42	0.43
3983	orogenic	57.47	1.62	0.43	1.23	0.84
3991	orogenic	201.82	2.49	0.37	1.18	1.62
4006	orogenic	77.03	3.84	0.42	0.45	0.37
4022	pegmatite	214.14	8.71	4.15	3.15	0.4
4023	pegmatite	245.87	12.43	8.35	3.06	0.32
4024	pegmatite	307.33	9.93	2.65	2.89	0.86
4025	pegmatite	370.12	14.47	3.58	2.83	0.66
4026	pegmatite	407.54	14.28	3.2	2.92	0.68
4027	pegmatite	260.67	11.3	7.89	3.17	0.35
4028	pegmatite	411.27	10.26	5.35	3.26	0.77
4029	pegmatite	417.8	8.82	2.22	3.05	0.99
4030	pegmatite	262.46	8.69	4.24	3.01	0.33
4031	pegmatite	339.55	11.25	4.21	2.98	1.17
4032	pegmatite	232.24	11.61	5.99	2.92	0.35
4033	pegmatite	242.48	10.49	3.47	3.03	1.84
4034	pegmatite	121.44	17.91	3.97	3.36	0.55
4035	pegmatite	405.73	15.02	2.61	2.66	0.59
4036	pegmatite	159.49	9.88	1.57	2.54	1.73
4037	pegmatite	135.15	5.11	0.53	2.88	2.16
4038	pegmatite	257.11	15.3	4.36	3.71	0.99
4042	granite	288	26.1	39.6	1.87	0.02
4044	granite	1091	49.05	39.7	2.18	0.021
4049	granite	195	9.355	13.2	1.97	0.091
4051	granite	366	10.07	15.8	2.24	0.084
4056	granite	180	9.405	17.1	2.05	0.037
4061	granite	100	8.89	9.79	2.1	0.021
4062	granite	426	12.5	13.7	2.46	0.054
4071	granite	339	8.565	20.9	2.15	0.032
4085	granite	279	8.915	10.8	1.88	0.025
4089	granite	277	9.18	8.47	1.89	0.056
4090	granite	409	9.4	11.2	1.8	0.02
4091	granite	260	8.595	8.53	1.76	0.021
4093	granite	564	20.65	10	2.59	0.037
4094	granite	205	7.22	9.45	1.15	0.109
4095	granite	252	8.08	14	1.7	0.041
4100	greisen	237	7.27	16.8	1.47	0.83
4101	greisen	787	4.75	31.1	2.2	0.179
4104	greisen	283	8.28	29.7	2.15	0.041
4105	greisen	313	8.32	23.3	1.91	0.297
4106	greisen	271	8.18	14.1	1.5	0.1
4108	greisen	175	7.16	10.6	1.91	0.047
4111	greisen	562	10.115	9.38	2.19	0.061
4117	greisen	187	5.39	12.3	1.86	0.019
4123	greisen	131	6.56	5.88	1.46	0.024
4124	greisen	351	6.865	18.4	1.6	0.072
4126	pegmatite	1333	26.6	79.3	3.04	0.15
4129	pegmatite	1199	19.3	109	2.83	0.209
4131	pegmatite	1252	20.85	114	2.69	0.146
4135	pegmatite	1458	18.25	70.4	2.49	0.132
4140	pegmatite	465	13.7	47.7	2.43	0.024
4142	pegmatite	431	14.7	17.2	2.36	0.097
4149	pegmatite	1455	18.55	93.3	2.2	0.061
4153	pegmatite	215	21.15	18.7	2.04	0.031
4156	pegmatite	397	41.5	47	1.99	0.028
4165	pegmatite	332	46	11.9	1.78	0.031
4167	pegmatite	107	13.5	7.04	1.77	0.049
4169	pegmatite	281	30.5	42	1.73	0.015
4176	pegmatite	344	37.55	35.5	1.31	0.032
4191	epithermal	1941	3	4.2	9	0.16
4192	epithermal	1672	5.9	1.6	8.7	0.12
4197	epithermal	2098	6.3	3.9	7.7	0.01
4201	epithermal	1575	2.7	1.9	7.5	0.18
4204	epithermal	1575	2.3	1.9	7	0.07
4207	epithermal	1385	2	4.3	6.7	0.02
4208	epithermal	967	1.9	4.7	6.7	0.01
4210	epithermal	1280	2.1	8.5	6.5	0.35
4214	epithermal	910	1.6	1	6	0.02
4216	epithermal	1577	4.2	3.2	5.7	0.11
4219	epithermal	1407	2.9	2.5	5.6	0.2
4224	epithermal	1347	3.2	0.71	5.3	0.02
4228	epithermal	1678	5.3	2.4	4.9	0.02
4230	epithermal	1167	1.8	1.1	4.7	0.05
4234	epithermal	975	3.2	1.1	4.4	0.03
4236	epithermal	719	1.6	3	4.2	0.01
4237	epithermal	588	1.5	6.1	4.1	0.01
4241	epithermal	833	1.7	1.3	3.8	0.05
4247	epithermal	1570	4.7	2.1	3.7	0.02
4249	epithermal	384	2.3	2.5	3.6	0.03
4252	epithermal	973	1.9	0.69	3.5	0.01
4253	epithermal	1030	2.8	8.3	3.5	0.01
4256	epithermal	1362	2.8	12.4	3.1	0.01
4270	epithermal	412	4.6	3.9	2.4	0.01
4352	epithermal	54.044429	0.665	4.438228	7.343429	0.8771
5165	epithermal	253	12	1.4	2.8	0.94
5466	orogenic	740	8	7.9	16	1.2
5470	orogenic	510	1.9	11.2	22	8.5
5495	orogenic	166	1.4	3.7	19	0.08
5501	orogenic	142	19	9.6	11	0.27
5515	orogenic	67.6	0.64	8.2	2.7	0.071
5522	orogenic	17.8	1.24	0.25	2.8	0.08
5529	orogenic	40.6	3.8	0.39	4	0.038
5531	orogenic	32.3	1.62	0.61	2.01	0.0257
5551	orogenic	37.5	2.88	1.57	1.54	0.101
5554	orogenic	11.63	1.53	0.07	1.24	0.028
5555	orogenic	10.3	1.56	0.063	1.3	0.09
5556	orogenic	10.9	1.4	0.119	1.73	0.07
5557	orogenic	10.8	1.59	0.073	1.28	0.0137
5559	orogenic	240	9	12.3	17	0.65
5567	orogenic	28.8	2.3	1.54	1.65	0.0155
5569	orogenic	37.4	3.51	0.93	2.02	0.09
5580	orogenic	270	16	4	18	0.35
5602	orogenic	316	4.9	3.6	20	3.2
5605	orogenic	80	3.4	0.37	4.8	0.4
5619	orogenic	35.9	1.98	0.465	1.18	0.144
5622	orogenic	17.9	2.01	0.16	1.58	0.08
5623	orogenic	14.4	1.45	0.72	1.69	0.02
5624	orogenic	23.5	1.83	0.492	1.42	0.138
5625	orogenic	25.1	1.88	0.07	0.93	0.214
5626	orogenic	20.34	1.53	0.584	2.26	0.053
5627	orogenic	11.7	1.84	0.046	2.2	0.42
5628	orogenic	21.48	1.37	0.24	2.7	0.092
5630	orogenic	28.8	1.03	0.581	2.13	0.401
5631	orogenic	55	1.2	1.87	2.58	0.237
5632	orogenic	12.8	1.55	0.142	1.72	0.105
5633	orogenic	20.3	1.27	0.273	1.92	0.237
5635	orogenic	15.65	1.22	0.067	2.03	0.39
5636	orogenic	37.5	1.57	1.47	1.47	0.382
5637	orogenic	11.91	1.08	0.128	2.13	0.041
5638	orogenic	15.7	1.55	0.189	1.93	0.157
5640	orogenic	23.69	1.02	0.259	2.2	0.169
5642	orogenic	25.1	1.15	0.093	1.85	0.401
5643	orogenic	17.86	1.48	0.11	2.08	0.115
5647	orogenic	36.9	1.37	0.53	2.22	0.067
5651	orogenic	19.98	1.22	0.183	1.76	0.094
5652	orogenic	10.89	1.24	0.049	1.47	0.077
5653	orogenic	15.74	1.22	0.03	1.36	0.265
5654	orogenic	12.32	1.17	0.062	1.3	0.135
5655	orogenic	11.96	1.03	0.096	1.86	0.48
5656	orogenic	26.81	1.19	0.17	1.95	0.724
5657	orogenic	26	1.51	0.675	1.58	0.0108
5658	orogenic	35.96	1.96	2.79	1.71	0.0203
5659	orogenic	37.92	1.92	1.06	1.74	0.001
5661	orogenic	19.64	1.46	0.3	1.63	0.0024
5662	orogenic	11.06	1.5	0.146	1.93	0.096
5664	orogenic	5.84	1.53	0.058	1.47	0.071
5665	orogenic	36.4	1.82	5.03	1.92	0.0005
5666	orogenic	33.89	1.8	1.5	1.43	0.0033
5667	orogenic	9.89	1.51	0.277	1.4	0.179
5668	orogenic	26.96	1.7	0.915	1.89	0.026
5669	orogenic	6.81	1.32	0.526	1.5	0.0028
5670	orogenic	8.81	1.26	0.054	1.28	0.034
5671	orogenic	21.11	1.31	1.4	1.83	0.033
5672	orogenic	11.01	1.54	0.297	1.44	0.002
5673	orogenic	32.8	1.81	0.148	1.51	0.34
5674	orogenic	30.67	1.39	0.678	1.79	0.053
5675	orogenic	21.2	1.47	0.18	1.74	0.12
5676	orogenic	26.59	1.36	0.729	2.07	0.0142
5677	orogenic	24.39	1.44	1.56	1.55	0.0103
5679	orogenic	8.95	1.42	0.473	1.38	0.107
5680	orogenic	19.78	1.5	0.398	1.8	0.0124
5684	orogenic	29	1.5	1.45	1.45	0.074
5685	orogenic	10.72	1.61	0.62	1.53	0.021
5687	orogenic	15.6	1.57	2.18	1.94	0.06
5688	orogenic	25.24	1.47	2.02	1.97	0.0058
5689	orogenic	24.31	1.34	1.6	1.75	0.0087
5690	orogenic	7.11	1.35	0.286	1.37	0.0009
5691	orogenic	6.82	1.02	0.425	1.31	0.0057
5692	orogenic	13.6	0.96	0.233	1.27	0.0066
5694	orogenic	14.54	1.35	0.575	1.3	0.134
5695	orogenic	12.79	0.89	0.163	0.84	0.295
5696	orogenic	3.86	0.67	0.091	1.31	0.019
5697	orogenic	7.74	1.86	0.064	1.41	0.002
5740	skarn	572	38.866	4.417	1.019	2.139
5741	skarn	174	4.037	0.914	0.64	1.1
5742	skarn	273	15.736	6.739	0.682	0.408
5743	skarn	15.248	1.123	0.263	0.55	0.047
5744	skarn	22.036	0.758	0.745	0.511	0.895
5745	skarn	103	1.442	1.025	0.588	1.18
5746	skarn	118	0.239	0.288	0.794	4.077
5747	skarn	1207	1.272	13.709	4.162	11.065
5748	skarn	964	0.741	3.865	2.602	10.043
5749	skarn	354	10.457	1.67	1.649	3.452
5750	skarn	1062	3.018	11.352	1.9	10.178
5751	skarn	406	141	2.776	1.746	2.272
5752	skarn	1138	32.933	19.254	4.16	6.111
5753	skarn	637	0.53	10.387	2.378	6.455
5754	skarn	751	0.982	7.922	7.02	3.573
5755	skarn	145	0.57	1.062	1.223	4.77
5756	skarn	88.254	2.654	1.274	2.876	0.826
5757	skarn	587	4.905	14.794	7.46	2.174
5758	skarn	50.844	23.95	0.571	1.593	0.056
5759	skarn	260	30.791	3.015	2.62	4.429
5760	skarn	242	3.049	1.938	1.333	4.486
5761	skarn	181	65.933	3.157	1.828	0.607
5762	skarn	174	73.478	7.678	1.853	1.132
5763	skarn	374	23.484	4.098	1.608	1.131
5764	skarn	428	3.243	6.129	5.779	5.198
5765	skarn	527	11.015	13.097	9.14	3.349
5766	skarn	64.718	1.918	0.19	1.485	0.926
5767	skarn	406	2.361	5.032	1.99	4.864
5768	skarn	159	2.17	0.797	1.162	1.264
5769	skarn	475	0.694	10.054	3.107	4.116
5770	skarn	895	2.078	32.032	6.396	1.364
5771	skarn	133	0.12	2.826	3.146	0.309
5772	skarn	67.949	4.095	0.786	0.801	0.215
5773	skarn	557	11.422	11.748	5.271	1.466
5774	skarn	1905	13.253	18.429	2.959	2.045
5775	skarn	105	38.902	0.573	2.003	3.342
5776	skarn	882	4.458	15.41	3.562	6.082
5777	skarn	245	1.151	5.791	3.155	0.336
5778	skarn	229	1.607	4.628	2.364	0.173
5779	skarn	1335	3.36	27.684	6.679	8.755
5780	skarn	92.443	0.64	1.932	1.308	0.387
5781	skarn	49.155	0.572	0.54	0.534	0.146
5782	skarn	72.509	1.535	0.03	0.591	54.28
5783	skarn	810	2.955	6.729	3.154	10.728
5784	skarn	88.153	10.626	0.702	1.486	0.782
5785	skarn	70.019	4.099	0.429	0.985	0.429
5786	skarn	85.482	12.285	5.113	1.301	0.203
5787	skarn	97.103	3.228	0.397	1.002	0.94
5788	skarn	61.765	2.447	0.093	0.834	1.631
5789	skarn	27.118	2.307	0.207	1.179	0.262
5790	skarn	967	13.856	14.505	11.676	1.035
5791	skarn	1312	40.452	3.56	5.769	8.136
5792	skarn	421	5.05	8.129	2.66	0.728
5793	skarn	23.951	8.05	2.314	1.442	0.002
5794	skarn	465	3.075	5.225	2.07	0.419
5795	skarn	73.071	21.022	0.837	2.276	0.624
5796	skarn	156	2.675	1.122	2.721	1.582
5797	skarn	241	1.461	1.309	1.532	5.582
5798	skarn	425	0.827	1.282	2.69	5.017
5799	skarn	138	0.723	0.6	2.184	0.702
5800	skarn	146	1.163	2.057	2.253	1.328
5801	skarn	144	1.552	1.07	1.778	1.232
5802	skarn	223	6.532	6.347	9.029	1.02
5803	skarn	247	3.677	1.508	2.207	2.166
5804	skarn	166	1.539	0.336	0.457	3.43
5805	skarn	92.734	1.691	4.669	0.973	9.608
5806	skarn	61.073	1.212	1.308	0.944	1.066
5807	skarn	99.611	1.599	0.423	1.985	5.052
5808	skarn	1621	3.876	53.215	3.266	13.792
5809	skarn	1413	1.348	46.756	17.763	2.02
5810	skarn	1017	1.169	26.237	11.348	4.741
5811	skarn	461	2.605	7.013	6.037	1.6
5812	skarn	197	1.597	2.983	1.878	0.374
5813	skarn	306	0.624	4.617	1.174	5.068
5814	skarn	32.175	1.802	1.076	0.938	8.989
5815	skarn	11.325	0.181	0.073	0.553	1.583
5816	skarn	1843	0.715	59.497	4.303	13.562
5817	skarn	20.189	0.261	0.292	0.813	0.389
5818	skarn	596	0.824	8.81	2.663	6.71
5819	skarn	97.622	1.874	1.57	1.256	4.192
5820	skarn	159	1.764	0.956	0.757	11.21
5821	skarn	22.874	2.464	0.058	0.738	2.964
5822	skarn	62.826	3.599	0.309	0.535	0.443
5823	skarn	8.581	1.582	0.099	0.563	3.714
5824	skarn	772	1.352	14.877	2.687	7.92
5825	skarn	77.613	2.302	2.791	0.651	1.087
5826	skarn	1359	6.293	25.652	5.545	6.67
5827	skarn	1542	8.599	33.045	5.95	12.929
5828	skarn	1043	3.616	21.161	5.624	7.854
5829	skarn	1277	3.85	10.374	5.294	25.337
5830	skarn	2353	1.966	1.014	1.665	4.644
5831	skarn	224	2.47	0.438	0.735	19.737
5832	skarn	768	2.809	4.199	1.902	7.419
5833	skarn	139	2.247	0.325	0.51	4.455
5834	skarn	674	13.667	12.917	3.808	8.482
5835	skarn	452	2.641	5.214	3.338	2.882
5836	skarn	909	6.763	32.136	5.192	2.495
5837	skarn	164	1.068	0.732	3.385	7.735
5838	skarn	2254	4.631	66.271	13.535	19.569
5839	skarn	241	0.731	4.541	2.724	0.548
5840	skarn	843	0.643	25.816	8.989	4.02
5841	skarn	220	0.732	3.779	4.318	0.822
5842	skarn	1721	7.231	12.36	9.809	15.51
5843	skarn	2321	10.711	29.528	18.403	3.728
5844	skarn	2247	5.26	20.519	5.508	7.802
5845	skarn	3545	4.469	124	23.148	12.841
5846	skarn	3579	2.059	114	17.818	19.349
5847	skarn	3064	1.922	108	19.126	12.72
5848	skarn	1604	0.955	52.676	8.103	8.4
5849	skarn	1929	0.737	64.43	9.268	10.67
5850	skarn	613	0.835	13.726	3.352	8.35
5851	skarn	1275	6.613	8.979	3.322	5.335
5852	skarn	256	0.51	3.208	1.235	0.755
5853	skarn	569	1.969	16.501	2.999	0.808
5854	skarn	200	2.037	2.133	4.833	0.569
5855	skarn	1191	12.883	16.199	6.248	3.63
5856	skarn	483	1.448	4.811	5.484	1.54
5857	skarn	306	2.235	3.253	3.677	0.298
5858	skarn	944	5.493	7.131	4.853	2.999
5859	skarn	536	9.103	16.011	8.649	0.033
5860	skarn	517	3.766	10.109	3.722	1.607
5861	skarn	48.049	1.05	0.37	1.778	0.327
5862	skarn	99.008	25.464	0.568	0.872	11.455
5863	skarn	139	30.42	1.786	0.809	1.248
5864	skarn	253	2.92	6.279	1.484	0.841
5865	skarn	898	2.786	44.767	4.494	1.064
5866	skarn	373	10.715	17.935	4.342	0.264
5867	skarn	142	4.207	2.042	3.134	2.353
5868	skarn	83.786	3.353	0.674	1.063	1.137
5869	skarn	832	5.692	22.512	7.114	2.435
5870	skarn	1453	4.72	39.457	21.093	5.769
5871	skarn	472	1.527	5.793	8.775	3.244
5872	skarn	1716	11.093	27.312	16.5	3.375
5873	skarn	61.237	1.405	0.297	2.676	0.311
5874	skarn	99.974	1.411	0.959	3.866	1.013
5875	skarn	289	0.977	9.054	3.792	0.502
5876	skarn	570	3.195	7.775	5.79	13.537
5877	skarn	139	1.137	1.893	2.891	2.035
5878	skarn	221	1.02	0.67	2.289	1.178
5879	skarn	245	0.683	4.579	2.234	3.613
5880	skarn	117	1.187	1.794	0.776	2.846
5881	skarn	14.592	0.967	0.056	1.013	0.049
5882	skarn	239	3.62	6.299	6.343	1.105
5883	skarn	119	3.621	0.684	1.344	2.005
5884	skarn	165	1.17	3.618	3.919	0.463
5885	skarn	719	3.261	21.429	5.532	0.245
5886	skarn	64.682	6.412	0.2	0.754	10.141
5887	skarn	154	2.182	0.441	0.803	0.949
5888	skarn	80.14	0.911	1.038	0.747	0.519
5889	skarn	30.847	0.991	0.255	0.637	0.007
5890	skarn	3312	2.279	101	6.416	8.295
5891	skarn	234	2.969	8.775	1.23	0.014
5892	skarn	210	2.507	5.649	1.604	0.035
5893	skarn	84.692	1.697	0.759	1.798	2.649
5894	skarn	2244	1.175	27.848	3.572	24.323
5895	skarn	74.516	2.537	0.906	1.438	0.411
5896	skarn	184	1.962	0.745	1.2	2.704
5897	skarn	61.155	1.033	0.247	1.138	2.827
5898	skarn	81.522	2.138	0.24	0.98	1.084
5899	skarn	418	11.754	5.879	7.081	5.908
5900	skarn	86.151	11.426	0.397	2.461	2.211
5901	skarn	81.375	13.602	0.537	0.803	6.034
5902	skarn	65.595	4.529	0.574	0.545	5.401
5903	skarn	114	12.979	3.392	0.73	1.284
5904	skarn	57.499	6.779	3.498	0.582	0.052
5905	skarn	597	0.832	4.735	3.464	5.777
5906	skarn	341	1.445	4.524	8.004	1.735
5907	skarn	651	3.078	15.951	11.814	0.737
5908	skarn	82.64	0.263	0.258	1.086	0.875
5909	skarn	42.842	0.206	0.597	1.521	0.057
5910	skarn	159	0.265	1.459	1.722	2.791
5911	skarn	1400	2.202	7.369	3.281	3.5
5912	skarn	629	1.203	8.362	3.114	3.953
5913	skarn	253	0.418	3.078	1.965	3.229
5914	skarn	269	0.269	4.606	2.237	2.571
5915	skarn	144	1.249	5.662	0.985	2.075
5916	skarn	966	0.543	23.66	6.036	6.398
5917	skarn	2450	12.783	12.835	4.845	4.752
5918	skarn	2788	19.101	26.09	5.007	3.843
5919	skarn	76.998	1.868	0.555	0.588	2.235
5920	skarn	53.787	4.105	0.162	0.465	5.337
5921	skarn	27.226	2.28	0.29	0.538	0.779
5922	skarn	450	1.859	10.01	2.398	3.67
5923	skarn	77.574	2.429	2.613	0.538	0.057
5924	skarn	90.133	2.172	2.16	0.48	0.114
5925	skarn	255	2.8	1.008	1.656	19.841
5926	skarn	235	2.328	2.838	0.897	0.487
5927	skarn	168	0.801	0.206	1.557	2.006
5928	skarn	1015	6.89	14.266	9.166	4.108
5929	skarn	258	0.774	3.449	4.984	1.174
5930	skarn	1581	13.27	12.593	18.344	5.128
5931	skarn	613	2.722	8.616	5.029	3.587
5932	skarn	1254	22.285	12.872	8.041	5.336
5933	skarn	365	7.38	3.024	4.049	2.221
5934	skarn	896	16.711	10.242	4.15	1.995
5935	skarn	379	6.096	13.534	3.244	0.144
5936	skarn	382	6.327	14.584	3.603	0.322
5937	skarn	126	1.007	2.628	1.638	0.396
5938	skarn	60.598	1.6	0.916	5.668	0.139
5939	skarn	511	1.533	8.663	7.134	0.956
5940	skarn	291	9.7	2.381	4.35	2.219
5941	skarn	2376	22.471	8.178	6.448	12.893
5942	skarn	34.181	0.821	0.055	1.22	2.646
